0.0687801	-0.03337264	0.4749428	0.014433768	0.07511804	0.05445637	-0.06389787	0.042570148	0.11825194	0.07785444	0.018745938	-0.15932062	0.09475633	-0.07416877	-0.1359837	0.1768008
0.012449551	-0.06350067	0.40484568	-0.022060325	0.08783043	0.13576427	-0.0494459	-0.017955462	0.0362982	0.065866046	0.0868373	-0.16591984	0.15422381	-0.024908118	-0.09655848	0.04533204
0.024651766	-0.06861925	0.3328119	-0.012906042	0.025436569	0.13068956	-0.040880155	-0.07353207	0.045812774	0.079573415	0.113281704	-0.14429814	0.120760255	-0.07927046	-0.11885966	0.11647474
0.120415956	0.20202361	0.19433804	0.1653225	0.19253202	-0.15498058	-0.3149999	0.123739205	0.24700193	-0.268247	-0.15254247	0.10731814	-0.1811957	0.21844298	0.22431785	0.1335803
0.08947292	0.00076041085	0.5284189	0.037395924	0.1452156	0.05574701	-0.15373804	0.07198867	0.13146006	-0.027429337	0.035408102	-0.10735375	0.087426096	-0.048965096	-0.113371655	0.13841087
-0.0899385	-0.16027169	0.0055187657	-0.10680932	-0.092764325	0.11522716	0.012634947	-0.096682474	-0.12347478	0.06679771	0.11726495	-0.117452405	0.17047758	-0.074339196	-0.14347763	-0.10115306
0.04396948	-0.09881309	0.46317032	-0.07120796	0.036474023	0.13332184	-0.009701131	-0.064409636	0.00073217176	0.069971256	0.11992235	-0.21934208	0.20093769	-0.06670101	-0.2123485	0.059857614
0.17921388	0.1506718	0.15384962	0.1455436	0.15244015	-0.17664245	-0.2384842	0.13670132	0.18520999	-0.19912916	-0.13783553	0.1736353	-0.17353804	0.22600687	0.23358868	0.15170649
0.0020833663	-0.07541063	0.07465119	-0.040005084	-0.046054266	0.027504448	-0.06744744	-0.018443612	-0.045192182	0.025540337	0.035807997	-0.057268888	0.059029605	-0.074791275	-0.08423983	-0.021448126
0.04229533	-0.04491569	0.43448704	-0.020786097	0.061857436	0.074833535	-0.0766479	-0.007152609	0.053385578	-0.04753411	-3.835777e-05	-0.051692475	0.11122319	0.018493444	-0.008018561	0.13532287
-0.08504482	-0.06412015	0.1728883	-0.07497151	-0.044612955	0.1610047	-0.030882273	-0.1054112	-0.045323256	0.124516815	0.092972174	-0.08065179	0.15399618	-0.14812487	-0.13187256	0.024127629
0.1188854	0.08000605	0.39933327	0.089691475	0.13362569	-0.051456578	-0.16631152	0.0910273	0.1844905	-0.08988532	-0.072086886	0.030846227	0.0030098904	0.09540326	0.016369417	0.21470791
0.19301489	0.20557405	0.44004044	0.22185381	0.23344463	-0.16899386	-0.20743817	0.15634204	0.24752542	-0.21787928	-0.20309284	0.082313836	-0.17958626	0.15763068	0.1371361	0.20890018
-0.10180089	-0.13071118	0.12436837	-0.109205455	0.0170162	0.15840428	-0.033987466	-0.1098729	-0.012290949	0.06672625	0.16950364	-0.114322126	0.1643775	-0.0841024	-0.09846749	-0.029735832
-1.0779587	-0.98820424	-1.2089505	-1.056559	-1.1692326	0.91007614	1.1513876	-0.9685242	-1.1158317	1.1908041	0.89202386	-0.7203849	1.1468933	-1.11341	-0.9505575	-1.0893762
-0.030795762	-0.08946689	0.33315474	-0.014040368	0.06840875	0.10792925	-0.042183004	-0.06910183	-0.011620148	0.021360831	0.0799117	-0.13939969	0.08612965	-0.039261937	-0.09755116	0.05756729
0.055867597	-0.048588917	0.46135443	0.03187403	0.053361773	0.08458378	-0.108985744	0.054855663	0.04228998	0.06035208	0.014420372	-0.093590714	0.16089658	-0.015921425	-0.095492214	0.14722227
0.2156298	0.1884006	0.1804747	0.14817618	0.17870729	-0.13329677	-0.23644099	0.19568646	0.18242131	-0.29584014	-0.21160793	0.14621696	-0.25120962	0.19438422	0.18153211	0.2122563
0.1378327	0.18592869	0.26100543	0.13534932	0.18279013	-0.07863502	-0.22302826	0.07275977	0.19006751	-0.25635287	-0.095580675	0.07324616	-0.13151906	0.18957385	0.15935473	0.14137726
0.9644961	1.0417776	0.98989904	1.045243	1.1123503	-0.9750677	-1.1944685	1.0027266	1.0933443	-1.2874206	-0.8464413	0.8578921	-1.1938144	1.2435895	1.0592874	0.97008514
0.759424	0.77677715	0.8239502	0.8082966	0.83967835	-0.743103	-0.9422081	0.73312956	0.8242631	-0.97965926	-0.65310633	0.6874007	-0.8950637	0.9183029	0.83962786	0.69579357
0.009261557	0.015293567	0.25032666	0.01901222	0.072098345	0.016732477	-0.0852112	0.045221116	0.04224766	-0.07929716	0.00078024645	-0.029521756	-0.04268216	0.06671795	0.023479493	0.051288776
-0.021963667	-0.11322912	0.23591866	-0.07676371	-0.076392934	0.1659207	0.065407775	-0.04503473	-0.02826926	0.19632827	0.09878851	-0.09571336	0.25090992	-0.118383646	-0.15550931	0.033105556
0.072761305	0.033067886	0.12406131	0.066630945	0.09424023	0.009118681	-0.12051548	-0.0023941451	0.048754893	-0.046266656	-0.027530653	0.05841271	-0.03109309	0.02217459	0.038461346	0.05980798
0.2310387	0.2576112	0.10076313	0.32243755	0.27489093	-0.30638623	-0.27290025	0.30171794	0.23567514	-0.2773557	-0.30524996	0.3655803	-0.31215402	0.27120343	0.26588583	0.20660563
0.11721267	0.08537045	0.40510705	0.0433266	0.14205278	0.0067870645	-0.112149045	0.0375092	0.17281137	-0.025429472	-0.03433585	-0.0001414729	-0.006518026	0.082424134	0.06820328	0.13522257
0.060091373	0.11072246	-0.06995727	0.12639172	0.10490968	-0.12075379	-0.13820028	0.13775289	0.12507463	-0.17096435	-0.14310507	0.13080509	-0.21330574	0.1560657	0.10866229	0.07430584
0.037036903	-0.05775939	0.16801709	-0.00042294027	-6.74733e-05	0.06697763	-0.07070142	0.0022953697	0.046976525	0.024904395	0.05837225	-0.06426642	0.064392515	-0.017769199	0.02317025	0.023574185
0.071530536	0.060231116	0.17175166	0.09620597	0.09707322	-0.1214361	-0.12846026	0.12033952	0.117970005	-0.12840286	-0.022077823	0.044787783	-0.06366484	0.08876182	0.10172709	0.13091278
-0.004458156	-0.088548854	0.13857515	-0.022756848	-0.014846928	0.024430688	0.00047243846	-0.06604923	-0.048296772	0.067291476	0.0152609125	-0.035577696	0.038810723	-0.028075034	-0.09485507	0.04935754
-0.01973401	-0.08587476	0.19387773	-0.058981188	-0.0033817044	0.0927451	0.086369656	-0.0625794	-0.075538866	0.10637692	0.061496645	-0.10909104	0.13613059	-0.08284006	-0.12736097	0.06037426
0.18774645	0.19382097	0.3670844	0.2247565	0.29780382	-0.10727474	-0.3112459	0.16999109	0.29469463	-0.25598052	-0.16448528	0.09247544	-0.13465275	0.21735038	0.15100564	0.2071887
-0.18309787	-0.22664604	0.016485775	-0.24519572	-0.19778076	0.20027342	0.20600873	-0.17898306	-0.22064097	0.29367813	0.20490395	-0.18861945	0.25230488	-0.26716983	-0.217877	-0.15616098
0.09762992	0.15175882	-0.07516911	0.19485313	0.07310699	-0.21464296	-0.16157036	0.1690409	0.12125515	-0.1667	-0.19413806	0.16646886	-0.18583198	0.14536919	0.18047304	0.08562438
0.30323213	0.31802955	0.48104036	0.3547052	0.3453111	-0.24497329	-0.3944216	0.35358864	0.38283843	-0.31351668	-0.23077092	0.17801711	-0.29369614	0.33654118	0.21983334	0.3337563
0.27978104	0.25321728	0.44854584	0.30052322	0.29639807	-0.29791012	-0.36114928	0.29483333	0.29693764	-0.288187	-0.3181907	0.268017	-0.23814872	0.34150517	0.2700625	0.38458255
0.52882314	0.44083273	0.59833246	0.4503975	0.53596973	-0.43122974	-0.52959996	0.48048002	0.4820645	-0.4705414	-0.42947334	0.43353775	-0.4542774	0.4470959	0.48232841	0.53809404
0.26420334	0.22625677	0.35112768	0.22270666	0.24965039	-0.22773318	-0.30012262	0.29214212	0.24460651	-0.24360497	-0.22265753	0.17016877	-0.18347512	0.292392	0.17199485	0.22771211
-0.27600563	-0.27097082	-0.10360791	-0.26429218	-0.24016969	0.32183498	0.23038037	-0.24015605	-0.23534034	0.26080778	0.25244305	-0.26949412	0.25147435	-0.21580371	-0.21054065	-0.17873663
0.10349764	-0.008239724	0.44895163	0.08097689	0.08578696	0.04918689	-0.09237676	0.026848141	0.06323883	0.02204802	-0.029437382	-0.0080609135	0.051463563	0.017819382	-0.050456624	0.10071458
0.17970553	0.18679476	0.18892969	0.17572303	0.18652663	-0.14873321	-0.20655514	0.18065132	0.17547543	-0.2708057	-0.15178096	0.2369337	-0.1841008	0.18765289	0.17917499	0.19134767
-0.40174836	-0.49194586	-0.39145085	-0.44116583	-0.5000292	0.40673217	0.41330534	-0.47958058	-0.44314712	0.5318098	0.43272722	-0.4228247	0.47661364	-0.5068153	-0.50688076	-0.47876877
0.35253635	0.33496928	0.41832048	0.33467925	0.34535635	-0.2733538	-0.33559933	0.27581036	0.29736957	-0.33913332	-0.25107163	0.24717018	-0.267097	0.34363264	0.3395224	0.36945248
0.0628838	0.08942124	-0.045989446	0.0932052	0.15933652	-0.13550505	-0.1765786	0.066651836	0.12162552	-0.18302304	-0.08834165	0.13283357	-0.12044552	0.16227582	0.1904597	0.02468305
0.043933142	-0.012359184	0.37856767	0.05007539	0.10600008	0.013636094	-0.104880184	0.043217152	0.089230634	-0.0013698988	0.039744124	-0.042126387	0.035475854	-0.01997621	-0.05328785	0.15224978
0.33049482	0.307393	0.26382247	0.25968936	0.38195083	-0.27681926	-0.37007764	0.27023458	0.31038848	-0.40100744	-0.26876166	0.22325505	-0.40092477	0.3325098	0.33444944	0.30226243
-0.5311983	-0.6327193	-0.27097628	-0.60028905	-0.6161865	0.6681981	0.63111943	-0.6184656	-0.65245587	0.7325613	0.6300802	-0.5916958	0.7903663	-0.69192755	-0.7235663	-0.48745042
-0.037072144	-0.09974592	0.16696382	-0.101796195	-0.0498015	0.09064631	0.046497174	-0.02888384	-0.032964133	0.095595926	0.07317396	-0.15580298	0.1345668	-0.050084643	-0.15278278	0.070930414
1.4346726	1.4911488	1.5059623	1.4797132	1.5230315	-1.4444476	-1.6606677	1.5035113	1.5097439	-1.6837568	-1.4169831	1.287111	-1.5940402	1.650372	1.5284684	1.3587956
-0.22050707	-0.16736928	-0.056913376	-0.14642343	-0.20110905	0.19094034	0.21979941	-0.21469364	-0.19926004	0.22935657	0.15767397	-0.15550356	0.3028034	-0.21721774	-0.22922361	-0.16058154
-0.28646183	-0.19776578	-0.40361333	-0.28791496	-0.25743192	0.1985252	0.19314493	-0.30724785	-0.28557563	0.21371384	0.31412587	-0.18552108	0.21670173	-0.21916924	-0.17091104	-0.31616712
0.055679798	-0.012007759	0.08507896	-0.01788093	0.093984924	-0.036717802	-0.051666107	-0.028780933	0.07321033	-0.082553156	0.010876106	-0.019544818	-0.088767916	0.0735961	0.0813202	0.05287256
-0.27297336	-0.32565594	-0.17589976	-0.31776714	-0.35400346	0.31812873	0.3576445	-0.31048426	-0.31845316	0.34704727	0.394502	-0.37261507	0.41731948	-0.33368266	-0.40304232	-0.27976435
0.14743322	0.094991334	0.14516582	0.12714289	0.16801473	-0.16037981	-0.17374505	0.10518016	0.16658014	-0.15807189	-0.1430147	0.10820259	-0.13012898	0.16127183	0.082694575	0.13391632
-0.14000125	-0.18733443	-0.049591105	-0.16350771	-0.10863963	0.1937701	0.13188154	-0.20757727	-0.15239348	0.22450651	0.22129875	-0.18117614	0.20227066	-0.22511454	-0.17395076	-0.15126081
0.85028744	0.8044784	0.8101074	0.80543524	0.8916234	-0.81982934	-0.91328305	0.7845628	0.85319763	-0.9586225	-0.77163315	0.7240933	-0.9472524	0.9666754	0.914964	0.8139902
-0.56095225	-0.6041713	-0.26703236	-0.62579256	-0.55380666	0.6489537	0.56186783	-0.6221782	-0.6260824	0.7244991	0.6410775	-0.63890487	0.6707488	-0.7107849	-0.70905733	-0.48114675
0.11717485	0.13123189	-0.10300213	0.08015971	0.06136124	-0.16714136	-0.14585404	0.130837	0.13831952	-0.18292807	-0.14221118	0.23450197	-0.18998976	0.21273866	0.23753116	-0.01018198
0.19780593	0.2241434	0.32425192	0.19692941	0.29856843	-0.21099466	-0.31395146	0.25938922	0.28315616	-0.2526752	-0.19041921	0.17241178	-0.20658213	0.24018386	0.25467512	0.2928634
-0.07248985	-0.051975515	0.031381674	-0.09082595	-0.026287686	0.14679576	0.06464791	-0.13937595	-0.119535014	0.07512501	0.18346743	-0.14550386	0.061150663	-0.10862778	-0.08434426	-0.06984976
-0.009400754	-0.024638835	0.22323665	0.040803973	0.060446072	0.06615492	-0.0062917653	0.022524077	0.0056026634	0.057656206	0.059597526	-0.071599066	0.09019094	-0.038651027	-0.018082695	0.05632086
-0.34714794	-0.362136	-0.547999	-0.32138968	-0.4093005	0.25943208	0.4101998	-0.38097906	-0.37934956	0.31338465	0.35909393	-0.24136205	0.29007417	-0.34512448	-0.27980277	-0.44064233
0.014072859	-0.05077777	0.24141532	-0.03706941	-0.05946732	0.0913729	0.0009146665	-0.014558665	-0.0047785323	0.092500925	0.06779555	-0.10953065	0.16877289	-0.1442109	-0.19112736	0.009144484
-0.016052376	-0.014436815	0.08818754	-0.079884484	-0.007247704	0.056161754	0.012052736	-0.04810168	-0.0674483	0.09409713	0.07293338	-0.07878007	0.0390903	-0.108701475	-0.11062091	0.004038279
0.10856069	-0.02776108	0.29449105	0.03834985	0.11231295	-0.00767685	-0.030054374	0.08824645	0.100219056	0.02889836	-0.020924434	-0.055224624	0.040082693	-0.013244338	-0.06741335	0.16553065
0.19504723	0.16803026	0.38919255	0.27039436	0.28034997	-0.14491199	-0.28506583	0.1900143	0.2988195	-0.24607481	-0.21785763	0.14944395	-0.20290737	0.2649205	0.20981513	0.26729232
-0.15272489	-0.14653386	0.1937211	-0.13593346	-0.110326625	0.24958394	0.18338512	-0.11897733	-0.08799899	0.30312967	0.12108912	-0.21150732	0.31084883	-0.1893006	-0.20784473	-0.08953262
-0.13494852	-0.058391783	-0.6893251	-0.0975137	-0.12646344	-0.094710946	0.13394569	-0.07241707	-0.2080594	0.08386521	-0.010473394	0.17920434	0.041283086	-0.042983085	0.04945046	-0.31548294
-0.04903769	-0.12428028	0.24810147	-0.08433501	-0.088305354	0.17396902	0.146004	-0.0890544	-0.02733163	0.14752546	0.09366509	-0.13938485	0.25234768	-0.1968573	-0.19667663	-0.025428012
-0.37602776	-0.40831196	-0.2554548	-0.41385216	-0.44700527	0.44394383	0.4485594	-0.35614896	-0.47039565	0.512105	0.35883054	-0.43029046	0.49239957	-0.5421767	-0.53406346	-0.33518174
0.57623	0.6697988	0.39198318	0.6619579	0.63145965	-0.6845348	-0.69588876	0.62944	0.6505677	-0.7650247	-0.60167456	0.6178072	-0.684305	0.6857968	0.677385	0.48096138
1.0059661	1.0776211	1.0690956	1.0410184	1.0910431	-1.0129645	-1.1226058	1.0160993	1.1020926	-1.2479355	-1.0028775	0.89998037	-1.2067615	1.193158	1.1152192	0.9684715
-0.17573537	-0.31786788	0.21480602	-0.2654791	-0.20092574	0.29596755	0.20707397	-0.26411256	-0.19411367	0.3433007	0.31294346	-0.32174423	0.438712	-0.39610022	-0.3312166	-0.067981265
0.15664263	0.1622752	0.059803363	0.22919802	0.132415	-0.17744112	-0.16978057	0.20157409	0.11940558	-0.15892878	-0.24126549	0.21605512	-0.20704275	0.23204264	0.17179585	0.10910489
-0.18093736	-0.19813943	-0.055613782	-0.19904809	-0.15491933	0.16767694	0.16186301	-0.20232946	-0.17944403	0.24643151	0.2039531	-0.17884038	0.22184026	-0.17628355	-0.2224478	-0.12785348
-0.42258626	-0.520818	-0.0026077162	-0.47334433	-0.45298535	0.53260106	0.4579002	-0.44573343	-0.41072193	0.5353942	0.44721153	-0.5059933	0.6326876	-0.5772484	-0.57778096	-0.27568153
-0.196029	-0.20366138	0.11584721	-0.21369588	-0.1955694	0.31418338	0.119871184	-0.25082302	-0.20080677	0.24161507	0.29952788	-0.30943215	0.33496553	-0.27335703	-0.29885408	-0.13832057
0.106698334	0.09931479	0.27469444	0.046908814	0.09670115	-0.034658946	-0.13113001	0.07924521	0.15862647	-0.06546419	-0.0630073	0.017989522	-0.003980915	0.07220849	0.07786872	0.13130072
0.7021366	0.7999911	0.76680356	0.77899027	0.8249313	-0.7577666	-0.92137545	0.7521191	0.8078937	-0.88318956	-0.6317259	0.66248935	-0.91424906	0.86368036	0.8335935	0.7363873
0.65905935	0.62671554	0.7412067	0.6228692	0.7045905	-0.6233705	-0.7675979	0.6110182	0.7374758	-0.7381134	-0.56065375	0.5864395	-0.67660826	0.6708549	0.66492516	0.6153552
-0.09851626	-0.12583396	0.13178775	-0.09700402	-0.06062126	0.15762146	0.12140279	-0.1642101	-0.09480499	0.20756176	0.18333746	-0.18954852	0.19089587	-0.16797292	-0.21747647	-0.08608118
-0.00053407415	-0.04636114	0.25078392	-0.04332198	-0.0045139687	0.06948543	0.034365438	-0.033960223	-0.055228017	0.059388198	0.03532538	-0.13414297	0.09373328	-0.13899758	-0.0917261	0.059998576
0.06962382	-0.01830666	0.06780276	0.03265833	0.04044511	-0.008224662	-0.046680946	0.034177035	0.05293281	-0.09390196	0.021452164	0.0014112071	-0.020196185	0.095038414	0.016766202	0.052159794
-0.07259835	-0.18341136	0.20511355	-0.10426235	-0.10266073	0.17517604	0.110599406	-0.09118143	-0.0772109	0.2333404	0.13951623	-0.15096457	0.24997334	-0.23309824	-0.19195242	-0.025246277
-0.26843408	-0.310449	-0.06184811	-0.21420297	-0.24866015	0.23737384	0.25733325	-0.22948672	-0.22632624	0.31012186	0.24679394	-0.2917289	0.30095458	-0.32349414	-0.354087	-0.20135361
0.3445027	0.3635732	0.32746226	0.36482337	0.40039757	-0.33775425	-0.41527504	0.32114232	0.37588432	-0.47750497	-0.29654646	0.29474106	-0.46840116	0.38280913	0.37624174	0.3022636
0.19163305	0.108418524	0.4202165	0.17356952	0.13795297	-0.04524237	-0.17675099	0.14051905	0.19238204	-0.056529436	-0.081859455	0.09123551	-0.009156084	0.109765515	0.069132306	0.23614612
-0.6211323	-0.6736152	-0.3399983	-0.6927586	-0.6774219	0.7262749	0.72964305	-0.6186174	-0.6266056	0.8414523	0.6504818	-0.70480686	0.8531351	-0.8085887	-0.69719756	-0.55741477
1.1731573	1.133816	1.166774	1.1571558	1.2344528	-1.1882471	-1.3159987	1.1281551	1.2578341	-1.3239207	-1.1820682	1.0411462	-1.2377057	1.265993	1.2134966	1.0932683
-0.10202507	0.029705787	-0.63938165	-0.08637824	-0.118929796	-0.079957835	0.1331406	-0.050985068	-0.20344245	-0.0058367806	-0.07928941	0.17177275	-0.031477235	0.040523622	0.051347908	-0.41830093
0.107232936	0.13901487	0.30946466	0.15748587	0.16766986	-0.042110626	-0.19286089	0.09142338	0.16363911	-0.17320767	-0.0625007	0.013839633	-0.12377581	0.11065731	0.05648882	0.169817
0.06571227	0.15708907	-0.16701509	0.088716164	0.04311248	-0.13005498	-0.112208225	0.12583187	0.09289533	-0.15700547	-0.06789799	0.14279334	-0.19318257	0.10832311	0.17745051	0.0013625304
0.34043828	0.26873118	0.502157	0.33564773	0.26889545	-0.27385437	-0.3061822	0.30640638	0.33595526	-0.28417197	-0.35107878	0.24348016	-0.16486512	0.20792176	0.23574987	0.3993973
-0.5052808	-0.3810127	-0.6792383	-0.43523425	-0.5054444	0.3801823	0.50182694	-0.4021428	-0.51868993	0.48582098	0.37143102	-0.299558	0.38452026	-0.42000225	-0.34907395	-0.5471281
0.30945635	0.36577222	-0.12481249	0.32457766	0.36905608	-0.41052696	-0.31739974	0.37945905	0.28248972	-0.405687	-0.37569115	0.4694271	-0.4812078	0.43976456	0.40832356	0.19789304
0.05997735	0.0047826613	0.31390408	0.07757648	0.049579833	0.038884718	-0.003668151	0.013276822	0.04652265	0.04678342	-0.06240606	-0.024054065	0.0342474	-0.061095666	-0.03145826	0.13050336
-0.06924114	-0.015021598	-0.26086	0.005086082	-0.088163964	-0.054184627	0.060971674	-0.03357255	-0.06655853	-0.04646543	-0.010521559	0.08473697	-0.09188528	-0.007926546	0.028806914	-0.07494432
0.077012576	0.034708925	0.21842875	0.060752075	0.091299504	0.0277508	-0.10215749	0.03928446	0.02221718	-0.07943217	0.030696929	0.017177979	-0.012618755	0.0659943	0.05398125	0.08360583
0.15698251	0.08308025	0.4156151	0.13633698	0.1986136	-0.13707629	-0.19597432	0.110506356	0.1658109	-0.14792134	-0.09739296	0.053721268	-0.046678696	0.06675246	0.12945686	0.22555502
0.6931598	0.63380903	0.77884907	0.68008184	0.70063907	-0.62202746	-0.6983006	0.6350658	0.71434414	-0.74479675	-0.58902425	0.56900865	-0.67015153	0.7361836	0.65378803	0.6828102
0.341149	0.2538618	0.59408456	0.318234	0.30897593	-0.17815985	-0.37491086	0.27127442	0.3173396	-0.21341999	-0.20705743	0.18568754	-0.22001909	0.28862953	0.18050672	0.34511036
0.48949754	0.38936114	0.6984855	0.47064614	0.43585533	-0.3570797	-0.4259241	0.43613708	0.475457	-0.46617517	-0.40051714	0.37417412	-0.36293074	0.37959117	0.3819425	0.4531663
-0.0014762654	-0.04939016	0.28154826	0.038921785	0.056234743	0.07618289	0.0046580266	-0.0012053872	-0.01384525	0.07724333	-0.0065451507	-0.0039658966	0.07764461	-0.022696054	-0.04811792	0.11499824
0.18584765	0.12987366	0.49689427	0.21566732	0.14429991	-0.16734222	-0.17284256	0.20081696	0.20215991	-0.12066494	-0.21473664	0.08950046	-0.025332512	0.11438201	0.10277215	0.23155436
0.0046209316	-0.040543497	0.12631103	-0.03243758	0.016748585	0.04886089	0.002822788	0.017882125	-0.0539418	0.063417286	0.0078019947	-0.08903991	0.122267835	-0.037069283	-0.07006829	-0.0036583329
-0.33019727	-0.3616002	-0.14722374	-0.42924064	-0.38616553	0.41274086	0.3792108	-0.33974126	-0.40304103	0.37312752	0.4135435	-0.42840973	0.405613	-0.37556893	-0.42095137	-0.27092943
-0.1417927	-0.1928625	0.0738685	-0.14255907	-0.08947611	0.18874113	0.13934697	-0.23343717	-0.15441334	0.18111216	0.25765052	-0.21113893	0.1996962	-0.17486908	-0.2099192	-0.10971835
-0.096571974	-0.13814348	0.04806392	-0.1896891	-0.1250876	0.13953577	0.13913083	-0.13938822	-0.08851146	0.12551945	0.13268967	-0.21612263	0.22820498	-0.1371965	-0.17894568	-0.057299998
-0.72491425	-0.73233604	-0.8812213	-0.7327616	-0.7734628	0.7537025	0.7971556	-0.7816976	-0.77932256	0.79365754	0.7552069	-0.63337153	0.7525367	-0.7884426	-0.74764025	-0.8201966
0.399374	0.363561	0.5089243	0.3791423	0.41965082	-0.33338785	-0.45373297	0.36512628	0.42593467	-0.4366394	-0.35363922	0.25355208	-0.33327886	0.3644636	0.3746863	0.38658515
-0.3174221	-0.31897822	-0.075322255	-0.27998364	-0.33316877	0.3148837	0.26282206	-0.29490596	-0.28055903	0.37717518	0.37088448	-0.32099894	0.43831992	-0.39076057	-0.34332016	-0.26816452
0.1112245	0.032127723	0.17488417	0.0717605	0.09947291	-0.016974822	-0.12538218	0.11036649	0.04645735	-0.07025813	-0.020157732	0.04727637	-0.0507852	0.052079957	0.00042983633	0.1390658
0.21025442	0.1762241	0.4537654	0.16706564	0.20377511	-0.14041564	-0.16283411	0.1558715	0.22974017	-0.18146756	-0.17771845	0.10939233	-0.06614955	0.18476674	0.1512726	0.26373616
-1.2105622	-1.2987831	-0.6867625	-1.3271842	-1.2988933	1.3958554	1.2823462	-1.3125671	-1.2632827	1.5500721	1.391595	-1.281468	1.442044	-1.4876146	-1.3940674	-1.054705
-0.082065776	-0.13556004	0.08670247	-0.13270415	-0.042018708	0.09848129	0.05346067	-0.09796457	-0.066415146	0.06536769	0.17054647	-0.117211595	0.11037372	-0.13667384	-0.11555237	-0.08533706
-1.2213109	-1.3736917	-0.76291656	-1.3039672	-1.2620951	1.3529904	1.3485771	-1.3432158	-1.3208228	1.5193281	1.3270881	-1.2933637	1.5129666	-1.5229895	-1.4525408	-1.0712037
-0.36901826	-0.34333032	-0.19147792	-0.3084671	-0.28681672	0.33579677	0.329815	-0.37176305	-0.33848467	0.38003546	0.3917177	-0.36414862	0.3531481	-0.36777017	-0.40680432	-0.25553194
-0.11903614	-0.046511207	-0.47024706	-0.0695437	-0.1689569	-0.0038305554	0.1562091	-0.039715327	-0.1630926	0.07236022	0.022955269	0.06644355	-0.014212685	-0.07155181	0.014824579	-0.27176157
0.04218323	0.041316163	0.22016683	0.06834951	0.03558713	-0.02334811	-0.1288697	0.022842487	0.10801896	-0.091417864	-0.027310725	0.0633388	-0.04295431	0.0073168483	-0.0040971697	0.15192583
0.13217214	0.099595435	0.2520229	0.14402236	0.16009611	-0.10620236	-0.1947296	0.06824505	0.14978413	-0.15632261	-0.08875363	0.04237942	-0.13242058	0.13847305	0.14806503	0.17008491
0.0052111833	0.11145472	-0.35164875	0.08111037	0.06949149	-0.113480404	-0.013134039	0.010477455	0.009161716	-0.1563627	-0.0566487	0.20673144	-0.121887855	0.15774958	0.15180647	-0.09852423
-0.6249625	-0.67079973	-0.30352968	-0.6352965	-0.7028339	0.65426433	0.73958814	-0.653895	-0.6756466	0.8401654	0.6997836	-0.7093529	0.87056214	-0.8505008	-0.7861115	-0.48889866
-0.05258406	-0.13084172	0.22379415	-0.117368735	-0.061142273	0.16938938	0.041710403	-0.13935685	-0.09634546	0.17207137	0.1752374	-0.25004625	0.22566067	-0.20858718	-0.23041454	0.037526794
-0.7206154	-0.6534524	-0.9420535	-0.65160096	-0.6931116	0.5548281	0.7149728	-0.6662534	-0.71214086	0.68563026	0.5631144	-0.50273573	0.624926	-0.71281964	-0.65575737	-0.72162163
1.3971034	1.4040579	1.380357	1.3888807	1.3839728	-1.2992319	-1.514605	1.4145474	1.4554178	-1.57454	-1.4032423	1.1712803	-1.4391433	1.4629058	1.4242283	1.2234739
-0.10547342	-0.19668065	0.15518133	-0.21030849	-0.10351483	0.2695973	0.2088373	-0.17209947	-0.14735344	0.21139142	0.19959535	-0.27941	0.32633963	-0.2064903	-0.2366594	-0.109400325
-1.4908732	-1.4812284	-0.74542373	-1.5351975	-1.4429927	1.555891	1.5292695	-1.5032988	-1.4990257	1.7011387	1.5952452	-1.4109284	1.6820935	-1.6413944	-1.5696825	-1.2821056
-0.23842554	-0.27623448	0.08834922	-0.2145942	-0.15125415	0.23731762	0.20430633	-0.25887832	-0.22235028	0.2635064	0.2749566	-0.21714297	0.35683018	-0.28985026	-0.31224647	-0.14827254
-0.5878241	-0.5199215	-0.8351656	-0.5387495	-0.6077542	0.44663978	0.63494605	-0.56059897	-0.6692471	0.62863815	0.46324635	-0.35379142	0.54533434	-0.61672974	-0.5227273	-0.6933393
0.65818685	0.6333672	0.56601286	0.6549539	0.6517253	-0.55642945	-0.6588538	0.58778167	0.6716032	-0.75592536	-0.58379674	0.58546764	-0.74574584	0.74707216	0.6319089	0.60155064
-0.056840397	-0.03573282	0.20145983	-0.078601524	0.04930842	0.031782534	-0.0055675954	-0.049574673	-0.024290608	0.04598248	0.05702479	-0.05441549	0.074303955	-0.094352774	-0.1270531	0.029746532
-0.050009176	-0.025608113	0.090326615	-0.043890078	-0.00679605	0.05012656	0.020262944	-0.061883986	-0.038202494	0.044314254	0.01883208	-0.1155425	0.06656401	-0.07998061	-0.09988719	0.012035541
0.41668084	0.32622507	0.3882573	0.43097556	0.35165298	-0.36997455	-0.44330072	0.3874441	0.41099945	-0.35762027	-0.34282798	0.29959017	-0.3452409	0.35758296	0.39049292	0.38397932
0.3945412	0.3869617	0.42027977	0.40365377	0.40473017	-0.39681813	-0.40062425	0.38826293	0.44794652	-0.41853708	-0.39548188	0.37929952	-0.43509918	0.4382462	0.40863273	0.4380346
-0.15718955	-0.21373554	-0.04553537	-0.17601979	-0.11532804	0.24630642	0.20579405	-0.16825104	-0.15004891	0.1571844	0.20200346	-0.237148	0.21844438	-0.17332706	-0.16944018	-0.121048965
0.13018441	0.21146761	0.18770719	0.12507296	0.21618359	-0.11654909	-0.23051652	0.14075571	0.17578585	-0.2191911	-0.08648937	0.08956779	-0.1630979	0.15740734	0.18003865	0.2118996
-0.10626041	-0.03824117	-0.5047575	-0.09066731	-0.12602413	0.05333723	0.1301973	-0.06779541	-0.16668768	0.19225685	0.0010046014	0.096352465	0.13633193	-0.11371122	-0.03200183	-0.25398538
0.4024284	0.3811752	0.46340692	0.35813892	0.42427176	-0.35219032	-0.44214946	0.33084735	0.38523707	-0.43674865	-0.35230207	0.33184925	-0.46245146	0.3875851	0.36346975	0.35800368
0.11334162	0.100799344	0.0625512	0.045145687	0.04000831	-0.05279537	-0.08301252	0.081168495	0.06846985	-0.03100854	-0.13965575	0.047280926	0.00025342434	0.0626807	0.096471965	0.11274862
-0.13733648	-0.16096556	0.0821293	-0.17964573	-0.21793519	0.22207133	0.23480754	-0.0960414	-0.14939575	0.22960405	0.19536863	-0.2156787	0.2888896	-0.27185103	-0.27252835	-0.05953372
-1.2446052	-1.3029647	-0.46190983	-1.3066027	-1.1861569	1.310288	1.3311021	-1.2324873	-1.2505465	1.5516036	1.382594	-1.2510943	1.5110741	-1.4904835	-1.4121293	-0.9863788
0.08236581	0.018460343	0.0495366	0.06988595	0.10989464	-0.023406956	-0.071334235	-0.00867013	0.060371567	-0.13491683	0.0155121405	-0.019988822	-0.08139409	0.040669538	0.06547945	0.010755568
-0.1903425	-0.1556986	-0.07159455	-0.17102462	-0.19381711	0.18178926	0.19295248	-0.15382487	-0.14112268	0.1335339	0.19845563	-0.19052313	0.13964973	-0.19688003	-0.14835458	-0.11503683
-1.5719434	-1.5892327	-1.3048509	-1.6025121	-1.5422926	1.5543311	1.6318825	-1.5492376	-1.6034821	1.7825067	1.6402725	-1.429943	1.7114706	-1.7487012	-1.6351274	-1.4050467
0.31740034	0.26964954	0.290398	0.3193301	0.33672926	-0.237529	-0.3141101	0.23958416	0.34465367	-0.36082292	-0.2916207	0.19153215	-0.2685292	0.27738062	0.26059493	0.28710318
0.9353438	0.9962969	0.2149945	0.9676038	0.96106696	-0.95413905	-1.0266805	0.9792879	0.89884704	-1.0637927	-1.0289131	0.9505101	-1.042533	1.0166838	1.0505655	0.74700457
-0.029976143	-0.02453276	0.009297681	0.04333719	0.021898469	0.008450554	-0.062129833	-0.03963256	0.062404018	-0.016256971	0.03252025	0.0019325534	0.027116466	0.01794029	0.030108947	0.026508646
0.09142986	0.060832616	-0.03690476	0.03346495	0.046514533	-0.112621345	-0.036203805	0.04394922	0.07898167	-0.021698007	-0.079944246	0.02581661	-0.025958745	0.013099358	0.029105166	0.06776138
0.46164098	0.4055924	0.530236	0.40842572	0.40549988	-0.40058634	-0.4992574	0.41617006	0.45896557	-0.48618144	-0.38751847	0.36720505	-0.47301927	0.44313383	0.470184	0.43114206
0.43190736	0.35569108	0.4126709	0.36779404	0.40426975	-0.36797732	-0.4634576	0.35956386	0.4411778	-0.4762155	-0.40152478	0.31441912	-0.38602942	0.44173825	0.35074663	0.4305
-0.017966662	-0.1713787	0.36229095	-0.056813277	-0.0079655005	0.13682884	0.05112697	-0.087369666	-0.09842693	0.1615528	0.1201865	-0.2513807	0.25882706	-0.13387096	-0.16844355	0.01190933
0.61557156	0.6390256	0.42626846	0.71408683	0.6990357	-0.70061046	-0.73911613	0.61493134	0.7105164	-0.73088527	-0.6502183	0.6106374	-0.76181036	0.6964716	0.75014603	0.56763595
0.88935894	0.85635	0.84726065	0.85720783	0.8407948	-0.7794878	-0.89948034	0.82295597	0.8694538	-0.93896395	-0.7894409	0.74483466	-0.88956785	0.8727198	0.9007669	0.8626354
-0.070736125	-0.08243853	-0.021524455	-0.079082444	-0.08903595	0.10953195	0.1266778	-0.15902692	-0.078309685	0.10403326	0.16993825	-0.14495327	0.15660256	-0.079495795	-0.08589152	-0.13340743
0.28746477	0.30530334	0.38808984	0.3123126	0.3130521	-0.2911335	-0.34112552	0.32926923	0.32546142	-0.40956855	-0.26932684	0.25406402	-0.36843035	0.32150578	0.28739366	0.31184384
-0.14866394	-0.19700457	-0.025734881	-0.15513659	-0.117234886	0.21322525	0.20146956	-0.09896626	-0.09026783	0.15089217	0.12894538	-0.20960571	0.16757871	-0.2070485	-0.20978609	-0.095647044
0.6358126	0.66242355	0.74965507	0.7046978	0.6997042	-0.63760096	-0.69129604	0.7301372	0.6599178	-0.60757244	-0.7298009	0.5442065	-0.56681633	0.6548947	0.5840599	0.70982987
-0.18963443	-0.299724	0.012667756	-0.26243255	-0.21540897	0.2803477	0.20565516	-0.20515652	-0.19110888	0.26562846	0.2618054	-0.2508351	0.26313132	-0.2247109	-0.30769303	-0.117745586
-0.2544663	-0.325839	-0.12817962	-0.29799968	-0.27148327	0.31922776	0.2723445	-0.23732556	-0.2395973	0.3174663	0.26321012	-0.3018874	0.38433328	-0.33862084	-0.30132017	-0.22943695
0.5114747	0.53157353	0.56897295	0.5605581	0.5796836	-0.52326584	-0.6422067	0.5557797	0.5722442	-0.6377946	-0.5305287	0.45251882	-0.6010935	0.60916203	0.6176026	0.5701752
0.26259804	0.23536645	0.21188453	0.23031315	0.20835179	-0.25977188	-0.30580258	0.22590397	0.20738669	-0.2826298	-0.25033012	0.20461334	-0.29233202	0.31033498	0.2818559	0.22454932
-0.56687164	-0.60289806	-0.49056312	-0.57400453	-0.63761103	0.65875095	0.6362016	-0.59256274	-0.6066318	0.7165996	0.5619034	-0.55999506	0.71726674	-0.6839905	-0.65066457	-0.5132059
-0.43103522	-0.47543103	0.04189544	-0.49027735	-0.41412184	0.6047455	0.462396	-0.5265785	-0.4407623	0.585664	0.557502	-0.5895997	0.6575694	-0.54331285	-0.5699952	-0.34093726
0.14192191	0.22882323	-0.3070223	0.27342042	0.22142977	-0.3022881	-0.16908862	0.24760096	0.11156111	-0.23662789	-0.31844464	0.3545297	-0.32303974	0.25311002	0.29252467	-0.024104875
-0.015541817	-0.05698392	0.18732227	0.013783493	0.037616383	0.06530688	-0.009687812	-0.0041844365	-0.0006023031	0.015440791	0.0755639	-0.120476924	0.065977015	-0.076954484	-0.058845077	0.047645003
-0.275266	-0.3237381	0.039040305	-0.28441343	-0.26680523	0.31460705	0.24593006	-0.21526702	-0.27979666	0.42483407	0.25619417	-0.26498574	0.38204986	-0.359293	-0.3704702	-0.1724414
-0.18887426	-0.2263029	0.07659705	-0.16126537	-0.1159114	0.24295372	0.19354822	-0.17825708	-0.16700251	0.16285367	0.1395897	-0.207694	0.27879155	-0.20331076	-0.24169658	-0.12760237
0.34345677	0.37999767	0.3508647	0.41697136	0.31206554	-0.37648213	-0.33236414	0.3856283	0.4118318	-0.39329672	-0.34564173	0.33102688	-0.32743385	0.36120752	0.36370397	0.35589692
-0.86084795	-0.911286	-0.5740426	-0.81864166	-0.80176485	0.8582924	0.91032904	-0.8461842	-0.8131127	0.906931	0.8645321	-0.85725343	0.97104913	-0.9353768	-0.93400055	-0.7566878
-0.14393944	-0.22429009	-0.00073119777	-0.21044149	-0.17779876	0.16788559	0.20209791	-0.18435332	-0.13289157	0.25263923	0.18028834	-0.22739182	0.20128529	-0.24634746	-0.22769204	-0.09271324
-0.03316683	-0.08099465	0.08499352	-0.085258774	-0.0551404	0.034220885	0.019626465	-0.0077068186	-0.0160495	-0.012270718	0.06605052	-0.120303914	0.058129866	-0.04082968	-0.018196082	0.014661748
0.48941842	0.48148227	0.6115051	0.49478477	0.47458357	-0.47024322	-0.5020788	0.5478879	0.5050183	-0.50460166	-0.5417445	0.35864863	-0.5193255	0.48084706	0.51737666	0.5263604
0.08774783	0.053999305	0.2952456	0.071614824	0.05822159	-0.01773445	-0.015075015	0.0073865186	0.040197242	0.071319245	-0.060669307	-0.082472116	0.045018967	-0.029973196	-0.082695805	0.14439112
-1.4058824	-1.4181921	-1.0630512	-1.4633304	-1.4184115	1.3804722	1.480947	-1.4487072	-1.3778449	1.5910879	1.4238524	-1.2801279	1.4712881	-1.4786534	-1.4763616	-1.2252063
-0.51828456	-0.64259297	-0.040107355	-0.56631225	-0.5183029	0.5963534	0.58047473	-0.5508945	-0.5185448	0.73060906	0.59975356	-0.6613296	0.6870372	-0.66735923	-0.64515036	-0.44382247
0.06549681	0.11606649	0.10683835	0.081545174	0.14837676	-0.10104229	-0.1512672	0.09063931	0.0853987	-0.1567222	-0.024883945	0.014479396	-0.05617204	0.08807823	0.06831784	0.08322351
-0.21583258	-0.25091735	-0.11847003	-0.2582542	-0.22968917	0.33629408	0.28776857	-0.2998998	-0.2321923	0.33273232	0.3409265	-0.31256568	0.3415637	-0.34390062	-0.24597533	-0.20327231
0.07585987	0.07662589	0.210017	0.16059037	0.087212175	-0.067833655	-0.08965593	0.12094354	0.107966974	-0.1131441	-0.10339007	0.064222366	-0.13568453	0.137974	0.11856125	0.08505666
0.6615799	0.6170286	0.69927126	0.66818935	0.65202385	-0.57463557	-0.68467665	0.6254936	0.64814925	-0.70200396	-0.6057911	0.57595915	-0.648492	0.67600256	0.65855503	0.62166935
1.3374715	1.3318311	1.4168428	1.4405824	1.4111925	-1.3025368	-1.4437023	1.3698109	1.4182823	-1.4880304	-1.3590195	1.2020897	-1.3694923	1.4149868	1.3010808	1.2859267
-0.705345	-0.7253216	-0.48449656	-0.6842728	-0.6130705	0.6945553	0.6916472	-0.6874923	-0.68076545	0.719819	0.789895	-0.6511484	0.7441951	-0.7143308	-0.72361934	-0.62009937
0.16383627	0.029653903	0.35614413	0.11517902	0.088239454	-0.0078089046	-0.13258071	0.096276395	0.12896249	-0.051182944	-0.08040509	0.0013925246	-0.043287933	0.0951629	0.079602085	0.15161322
-0.62472165	-0.6532597	-0.080841415	-0.6570303	-0.62942624	0.7332066	0.62685597	-0.65075606	-0.63001305	0.75986433	0.7052702	-0.6596391	0.77671725	-0.7509761	-0.76595604	-0.48021698
0.45588982	0.46680048	0.59440625	0.4371755	0.47239363	-0.47240707	-0.49749428	0.46573767	0.506988	-0.51826125	-0.42153624	0.38769335	-0.436742	0.50647765	0.4095285	0.46161124
-0.07281995	-0.14112215	0.011271644	-0.15268111	-0.05175352	0.14083531	0.07406756	-0.08815052	-0.1165143	0.11531206	0.14519674	-0.18812877	0.13275504	-0.13569346	-0.1808432	-0.07018353
0.5537727	0.5142857	0.6686248	0.56075275	0.5534076	-0.50057536	-0.50974697	0.49306643	0.57511556	-0.4659573	-0.48596847	0.41797486	-0.43258038	0.5162434	0.42834237	0.5869418
-0.48806474	-0.550841	-0.36568788	-0.4786898	-0.48096538	0.55351627	0.56891316	-0.49252346	-0.52858174	0.5444397	0.5319922	-0.55097026	0.5496295	-0.61745095	-0.5418342	-0.4653536
0.024209026	0.040541936	0.036571447	0.06781465	0.07251192	-0.039649818	-0.035971936	0.07062502	0.08814513	-0.07775965	-0.030277414	0.052091975	-0.0773915	0.11538242	0.11220137	0.060401022
0.10514517	0.09841055	0.19101918	0.096843496	0.08721225	-0.04685668	-0.13842177	0.086353794	0.16704033	-0.10384945	-0.093979254	0.09291263	-0.16238432	0.105415545	0.064167395	0.14001861
-0.18368557	-0.17619386	-0.016203748	-0.16176969	-0.25183824	0.26633763	0.25756255	-0.176981	-0.18033685	0.2851991	0.2248446	-0.2677137	0.31470096	-0.31184766	-0.2622285	-0.13554296
-0.6526556	-0.6260342	-0.4834012	-0.65652096	-0.6108149	0.55674326	0.68493676	-0.6269545	-0.6180347	0.74608934	0.6258523	-0.54059917	0.6870108	-0.6602205	-0.6465891	-0.54341143
0.18412147	0.17524914	0.15883784	0.17823781	0.23353782	-0.21527797	-0.21501017	0.20039271	0.23528074	-0.2486037	-0.1826259	0.21766871	-0.23769519	0.21800599	0.21149044	0.232108
-0.1684252	-0.26753202	-0.06734346	-0.18274114	-0.18183346	0.27527735	0.26499525	-0.21059377	-0.22030306	0.33298072	0.26666352	-0.23420644	0.30060184	-0.30170372	-0.2604774	-0.16678028
0.1891018	0.17404439	0.44396186	0.2497507	0.22082	-0.12904601	-0.2357928	0.19586413	0.22913593	-0.17479011	-0.2060265	0.13983124	-0.2068996	0.18352301	0.19165742	0.22826362
0.73591375	0.6947996	0.767742	0.6923114	0.7358843	-0.6390075	-0.70519245	0.67101705	0.7469329	-0.74532115	-0.71305275	0.5561134	-0.71582204	0.6953264	0.6277492	0.6908066
0.22434288	0.23214065	0.08471962	0.17385302	0.18025757	-0.19582969	-0.186831	0.1693215	0.24897029	-0.27155602	-0.26468518	0.2526564	-0.2127427	0.28565982	0.20318525	0.19394194
0.05621405	0.093843855	0.07025309	0.07563067	0.037134934	-0.03155171	-0.09180239	0.09904155	0.02713084	-0.04395498	-0.07449947	0.08956979	-0.09280928	0.09244206	0.08783782	0.01896869
0.15268852	0.1948961	0.3098002	0.19082482	0.15945984	-0.09158924	-0.18729144	0.15425391	0.22630781	-0.13455002	-0.101554014	0.12684418	-0.09814762	0.122290574	0.17437564	0.2240243
-0.0964646	-0.06659022	0.045579735	-0.1002313	-0.09358164	0.083839014	0.068229035	-0.10428346	-0.09699663	0.080866754	0.09773928	-0.053763006	0.134071	-0.12157568	-0.15122691	-0.01901532
-0.31191257	-0.39612994	-0.25048319	-0.40460974	-0.37582996	0.34321606	0.31159306	-0.37946594	-0.34324238	0.41469014	0.33367565	-0.3504831	0.39451718	-0.36620322	-0.3865443	-0.32489574
0.15998529	0.17378643	0.20951	0.22882143	0.2368366	-0.20988618	-0.26070932	0.15208416	0.26557583	-0.19023734	-0.17741576	0.19059041	-0.19490403	0.1701747	0.14267564	0.17848696
-0.67103964	-0.48815382	-1.1323147	-0.5395451	-0.6446879	0.4318965	0.71804196	-0.59641117	-0.73251903	0.59624714	0.5169213	-0.22630681	0.48109803	-0.56474245	-0.3892989	-0.8708236
-0.17772828	-0.1408331	0.06776397	-0.1548948	-0.18380553	0.15984726	0.15475987	-0.17803995	-0.20363633	0.21163721	0.19489461	-0.2056994	0.2597114	-0.17903903	-0.16691852	-0.09747758
-1.0234075	-1.1195678	-0.56843454	-1.1507343	-1.0083047	1.0904542	1.1428777	-1.0525292	-1.0307992	1.2153667	1.0980397	-1.0038562	1.239925	-1.1548185	-1.1831944	-0.8601145
-0.52770513	-0.5010307	-0.37285417	-0.5596505	-0.49081483	0.55691046	0.6258468	-0.47407886	-0.5471733	0.61498445	0.57395416	-0.5390361	0.61511344	-0.64497554	-0.547883	-0.47781533
0.3778544	0.44134104	0.43606994	0.37672698	0.384732	-0.36073524	-0.40973395	0.423337	0.4291841	-0.48852912	-0.3889193	0.32347524	-0.4790204	0.42125285	0.4157944	0.35671294
-0.19423582	-0.19977675	-0.44732046	-0.17725638	-0.18025279	0.129221	0.22936647	-0.19039933	-0.26341486	0.12947938	0.13842438	-0.035133004	0.12996855	-0.10918417	-0.07387793	-0.31122205
1.2199018	1.2091303	1.1805054	1.2785395	1.2245654	-1.1941476	-1.2429818	1.2452567	1.2516472	-1.3825264	-1.2559007	1.0263722	-1.2325625	1.3299172	1.2661177	1.1061819
0.2983745	0.29453033	0.3394723	0.34202224	0.36461225	-0.26044106	-0.31337693	0.29401788	0.30362558	-0.37766573	-0.25724262	0.28822863	-0.37404647	0.36807498	0.31292766	0.31565043
0.099669695	0.2177133	-0.30787668	0.22131373	0.13387662	-0.23357174	-0.1393459	0.15997559	0.13997087	-0.23605447	-0.26045626	0.34754246	-0.22591019	0.2498196	0.2609098	0.050570376
0.3324518	0.37467209	0.32782474	0.2920651	0.38609353	-0.30223054	-0.42228597	0.2880218	0.407719	-0.41463774	-0.28930157	0.32015353	-0.3893417	0.38459557	0.33474466	0.31821436
0.10098196	0.11813883	0.2504702	0.13157535	0.19900909	-0.074683405	-0.19562088	0.08245732	0.11777026	-0.18431337	-0.09687444	0.05476491	-0.10776125	0.1740644	0.108476914	0.14642608
-0.14887276	-0.10769308	0.03153766	-0.10273302	-0.042832904	0.16331331	0.05118294	-0.09460316	-0.14317067	0.2169191	0.15698469	-0.11014834	0.16170245	-0.15888965	-0.21021348	-0.08035779
-0.4571856	-0.5220042	-0.21945335	-0.54985124	-0.53214693	0.57869333	0.5198182	-0.577247	-0.5407163	0.58116734	0.5302208	-0.5606831	0.5721355	-0.57195336	-0.5894119	-0.4462134
0.85827994	0.79807234	0.8919907	0.82673824	0.8517853	-0.76845455	-0.90807194	0.8601253	0.88265353	-0.86160934	-0.79164314	0.74554837	-0.8301254	0.8373388	0.7984173	0.8097647
0.14636815	0.16013846	0.12753278	0.11400789	0.1445411	-0.17443149	-0.11102635	0.12394393	0.109084696	-0.17805852	-0.20214851	0.11925411	-0.14348812	0.15592948	0.09713092	0.15056372
-0.27802017	-0.22706297	-0.2840146	-0.30847946	-0.2867423	0.31391436	0.21799806	-0.23057663	-0.20703469	0.20917225	0.28698203	-0.22017315	0.21833555	-0.20487975	-0.19629605	-0.2658557
-0.15513314	-0.14931107	-0.091889866	-0.14590575	-0.16421396	0.13612866	0.15327604	-0.21009955	-0.12445468	0.16463043	0.16087623	-0.16371351	0.19736099	-0.11974955	-0.20012419	-0.1146789
0.3808432	0.40950644	0.46241623	0.42907402	0.46900406	-0.40529063	-0.48935592	0.42053932	0.4040847	-0.42984152	-0.33963495	0.30901483	-0.40489155	0.4568492	0.43181023	0.45607933
-0.8272312	-0.93534976	-0.46564925	-0.9319484	-0.86697704	0.91965324	0.9245732	-0.943391	-0.87707245	1.027869	0.9680756	-0.9171909	1.0509961	-0.9452055	-1.0201051	-0.7168493
0.29043326	0.17884487	0.41792175	0.21983637	0.25889197	-0.22222802	-0.30043072	0.2772811	0.23158543	-0.21888024	-0.25066882	0.15353692	-0.17170647	0.18414824	0.20479573	0.26671737
-0.31462324	-0.4120837	-0.26690674	-0.33288753	-0.38658404	0.33317798	0.34888577	-0.38603032	-0.34453636	0.44292212	0.4275035	-0.3122395	0.44245958	-0.3731069	-0.36827677	-0.31232247
0.29866454	0.31557783	0.3650752	0.27796707	0.36883634	-0.32513806	-0.39266703	0.29107934	0.3576446	-0.41513526	-0.27694884	0.26261833	-0.377992	0.30884096	0.31658113	0.37434065
0.20707004	0.2566999	0.22863552	0.20602642	0.16690129	-0.18458456	-0.21789578	0.2292629	0.17967772	-0.21949427	-0.24859433	0.13041149	-0.20523964	0.22164147	0.1635954	0.22393858
0.05450658	0.07897221	0.23705232	0.100491196	0.06701431	-0.021695623	-0.09986423	0.05680795	0.11021211	-0.009836343	-0.008069608	-0.030328892	0.0072856774	0.043034807	0.05934915	0.1440897
-0.7002062	-0.6729359	-0.64908016	-0.66352177	-0.6725946	0.7019615	0.71791875	-0.6521558	-0.69210815	0.7910571	0.67172617	-0.68091255	0.75300163	-0.7745699	-0.71149606	-0.60752594
0.42208508	0.3669892	0.51388794	0.42150298	0.35404423	-0.37181345	-0.41557997	0.42827222	0.39444152	-0.3938585	-0.41200107	0.30851656	-0.37446025	0.4038579	0.36464837	0.4300887
0.23062842	0.26582655	0.29765335	0.27716884	0.30008298	-0.27527738	-0.35712257	0.22685684	0.3352602	-0.37850696	-0.25805268	0.20113656	-0.33195806	0.37537828	0.2833847	0.268203
0.6364812	0.5924677	0.6328832	0.58117807	0.63911355	-0.6059308	-0.6405936	0.6458459	0.5958278	-0.7226334	-0.6322892	0.50448644	-0.63105154	0.6323068	0.68654555	0.5621542
-0.6746745	-0.7087983	-0.34829938	-0.7324016	-0.6861038	0.6581984	0.6950336	-0.6564073	-0.60950166	0.73065835	0.66037077	-0.6715093	0.7456865	-0.76278764	-0.69758826	-0.5837454
-0.13191167	-0.16000451	0.07671192	-0.14981338	-0.21933353	0.2600653	0.2145512	-0.17006065	-0.16594417	0.258063	0.21805482	-0.21341312	0.30892023	-0.2712111	-0.28140536	-0.10934068
0.157681	-0.007951448	0.5770119	0.1164091	0.031388756	0.009192754	-0.03261112	0.14674771	0.088632636	0.067411326	-0.081558615	-0.12928414	0.1299997	-0.026690068	-0.11111244	0.23910494
0.57109094	0.5811727	0.548925	0.5503819	0.5661708	-0.57422715	-0.6499221	0.510638	0.57585835	-0.64970046	-0.55157906	0.4963193	-0.6307046	0.6606448	0.61484534	0.49597538
0.012775627	-0.025600176	0.0805566	-0.014691761	-0.059883848	0.066426046	0.056700908	-0.020416386	0.028706163	0.04463376	0.0086797	-0.023328107	0.026763566	-0.04991093	-0.055514365	0.0027028183
-0.65709287	-0.76919067	-0.07184117	-0.787437	-0.6507298	0.7632102	0.635343	-0.71044374	-0.61446995	0.8192597	0.8306418	-0.72948956	0.86640304	-0.77303153	-0.8064869	-0.44692734
0.9238948	0.90406	0.96284604	0.9287251	0.8876352	-0.8335897	-0.9743583	0.8635236	0.93886924	-0.97191304	-0.95865005	0.7985761	-0.9310493	0.9433327	0.9254205	0.90150344
0.56584036	0.5604794	0.57397896	0.5427877	0.5443643	-0.5640519	-0.6451685	0.5356902	0.5646417	-0.60208887	-0.5907069	0.4786906	-0.5988154	0.6374209	0.5408458	0.56210506
-0.028668867	-0.16918686	0.2864768	-0.07224986	-0.110960186	0.19550894	0.04296221	-0.14352483	-0.10878871	0.12910226	0.16755475	-0.17315318	0.23176074	-0.144809	-0.14958592	-0.012242036
-1.2926424	-1.3006477	-1.1644719	-1.3104937	-1.3170521	1.3393497	1.335618	-1.2772965	-1.3484055	1.3983171	1.3719559	-1.2411327	1.3949752	-1.342712	-1.2967997	-1.222954
-0.56144214	-0.67210615	-0.23883015	-0.6371778	-0.56072277	0.6813154	0.6852521	-0.68319076	-0.5956573	0.70082664	0.74210703	-0.6998931	0.6987007	-0.77092075	-0.7500663	-0.5029387
-0.1543036	-0.22024307	-0.0818787	-0.2370309	-0.17306815	0.19426493	0.2045026	-0.15665208	-0.1873997	0.16080017	0.18598601	-0.19555452	0.21480098	-0.18037425	-0.17943376	-0.14229177
0.2514094	0.29913273	-0.2357988	0.2550279	0.21152943	-0.3581325	-0.24946755	0.26827136	0.1902108	-0.31591943	-0.27037746	0.390771	-0.39172798	0.36165562	0.36334863	0.042280618
0.21046478	0.17077646	0.2320738	0.1916607	0.2181899	-0.15669386	-0.2450527	0.1663373	0.22729257	-0.29585192	-0.14691918	0.19470496	-0.24969888	0.24950941	0.24588694	0.21959536
0.6155051	0.52865124	0.6563218	0.5705904	0.5724821	-0.5244792	-0.5735048	0.6241935	0.62924314	-0.53414774	-0.60249776	0.4860921	-0.47986615	0.5112601	0.49793217	0.6138316
-0.28121802	-0.32428694	0.041002534	-0.3415093	-0.26768145	0.32024246	0.24802811	-0.32859072	-0.2328722	0.34704533	0.36887097	-0.383197	0.41847542	-0.36592954	-0.38346404	-0.18047628
-0.41713235	-0.4819421	-0.374518	-0.5070404	-0.4796295	0.49722564	0.44001946	-0.46400127	-0.42213735	0.44024113	0.4555138	-0.4617716	0.46371645	-0.4486662	-0.42612264	-0.44041616
0.16968378	0.101063564	0.4078918	0.12131669	0.22811373	-0.040289283	-0.16913565	0.15319136	0.1742039	-0.10229683	-0.12430037	0.07462551	-0.08057992	0.13103023	0.080755055	0.24187508
-0.086971074	-0.11332721	0.060384672	-0.18211484	-0.14843066	0.15792745	0.15064518	-0.12415531	-0.18070209	0.19360264	0.15729187	-0.12880018	0.20782582	-0.15022856	-0.2303235	-0.10718434
-0.5754649	-0.6452773	-0.4673633	-0.60310733	-0.6243608	0.63059	0.7004849	-0.57396996	-0.6168519	0.740911	0.58080107	-0.5848305	0.7388267	-0.68255365	-0.6395515	-0.52871823
-0.28707597	-0.36065674	-0.25500712	-0.35174766	-0.32891488	0.35898528	0.40172446	-0.31639153	-0.38406983	0.40074894	0.38965577	-0.33688867	0.39911893	-0.41409528	-0.31271058	-0.28960848
1.2203763	1.2220646	1.1880628	1.2400274	1.21575	-1.16198	-1.279006	1.22748	1.2440832	-1.335748	-1.2195315	1.1422905	-1.2898543	1.2594881	1.2704886	1.1816165
-0.24205549	-0.28264335	-0.02361783	-0.2718875	-0.25256336	0.25600898	0.29508126	-0.2189462	-0.25213456	0.32985052	0.24260587	-0.22414258	0.3142595	-0.31692713	-0.31501904	-0.15849711
-0.49488425	-0.51379806	-0.4577555	-0.58568585	-0.574318	0.52042276	0.58578646	-0.5283264	-0.58891785	0.56782067	0.6020982	-0.49392617	0.5485536	-0.6023727	-0.518726	-0.44718063
-0.39098215	-0.45904645	-0.20887579	-0.52623373	-0.42736095	0.49372542	0.4425638	-0.44417217	-0.47379223	0.4658529	0.5064846	-0.43763626	0.55339706	-0.47230017	-0.5056787	-0.38240233
0.35580286	0.41868532	0.38761425	0.4116093	0.46378076	-0.36499068	-0.41102192	0.41431734	0.44249406	-0.45454872	-0.4239029	0.33238336	-0.45390716	0.4621266	0.40411004	0.3770472
-0.14730862	-0.12789011	-0.13586022	-0.22189106	-0.13099213	0.1380945	0.11951195	-0.15109062	-0.15689322	0.074613824	0.17612644	-0.19690104	0.171751	-0.15593548	-0.104014434	-0.1295185
0.46298015	0.4858095	0.5821033	0.43655822	0.47076643	-0.42125452	-0.51744455	0.437022	0.5138348	-0.5841792	-0.39838004	0.3763203	-0.49613878	0.48565134	0.5109	0.51319605
-0.23125114	-0.22789039	-0.15375635	-0.15494238	-0.17879957	0.19946188	0.19542435	-0.22557469	-0.20233887	0.21991204	0.1572409	-0.19027069	0.21952848	-0.24513666	-0.26414338	-0.20989788
-0.42219317	-0.30453676	-1.0055895	-0.41078803	-0.5193241	0.24549013	0.4203728	-0.4078016	-0.55545664	0.30773532	0.27510792	-0.053692676	0.2584392	-0.29200536	-0.18477568	-0.7125333
-0.024438675	-0.0076729814	0.085118026	-0.07702175	0.0053065587	0.11458502	0.0341584	-0.05196206	-0.024378017	0.039999235	0.040854756	-0.023307266	0.091785386	-0.08227959	-0.10073012	-0.015028361
-0.42218783	-0.38365382	-0.34745687	-0.36636963	-0.38020498	0.36876258	0.38973385	-0.3698483	-0.37442678	0.38288453	0.3597523	-0.36748257	0.42475966	-0.44095066	-0.36166632	-0.3649836
0.002149453	-0.012664242	-0.0145167215	-0.027499603	-0.043959755	0.061767142	0.007643436	-0.033430167	0.022190712	0.014853551	0.061898082	-0.06638244	-0.024780292	-0.026910355	-0.04838119	-0.00401106
-0.50037605	-0.61078435	-0.40581277	-0.5953958	-0.61020225	0.6000794	0.60564977	-0.5169362	-0.53284633	0.6871138	0.6109933	-0.5364486	0.6157739	-0.661199	-0.6600127	-0.5088941
-0.22233571	-0.31961665	-0.057944626	-0.31949207	-0.29230255	0.318618	0.2635844	-0.3037894	-0.30545622	0.30723354	0.24579173	-0.26655468	0.38729426	-0.29359403	-0.29503655	-0.16627467
-0.49004555	-0.4718762	-0.31217977	-0.51679206	-0.4635857	0.547768	0.47027257	-0.4643339	-0.49217457	0.49462545	0.53526837	-0.4740384	0.5299384	-0.46052212	-0.4851039	-0.3725843
0.30782393	0.25926584	0.32871798	0.2409079	0.25213102	-0.24939601	-0.23201412	0.24218537	0.22590394	-0.22372015	-0.27848744	0.18961506	-0.25827742	0.3059782	0.19271934	0.24270914
-0.15679623	-0.19393869	-0.101882726	-0.17807673	-0.1907198	0.1752128	0.205657	-0.15416215	-0.21401918	0.18749246	0.2075702	-0.20123722	0.22357355	-0.18196227	-0.22218153	-0.116362035
0.26985952	0.24763057	0.40835056	0.30134737	0.2647864	-0.28906512	-0.3460618	0.2952363	0.26814535	-0.32616118	-0.30742782	0.24239911	-0.21736084	0.28946334	0.28652194	0.30589005
1.2791756	1.2301707	1.2948952	1.2999521	1.2379369	-1.2279238	-1.3231629	1.2788942	1.2892716	-1.3986502	-1.3045985	1.1418364	-1.2952695	1.3493974	1.3268839	1.2267994
-0.5821299	-0.53747576	-0.49719793	-0.5501359	-0.59938943	0.5871675	0.58125097	-0.5535609	-0.59564716	0.6477606	0.5790495	-0.5582695	0.66140825	-0.6707581	-0.58464116	-0.4655914
0.47975937	0.4883425	0.57744557	0.5313068	0.4941822	-0.41903988	-0.46950802	0.46243125	0.55911547	-0.4697784	-0.47417662	0.381913	-0.46145913	0.5265152	0.41080135	0.48753703
0.26554504	0.30278486	0.29243124	0.32120395	0.32627723	-0.26708478	-0.34535354	0.2596477	0.3403578	-0.3371604	-0.28765625	0.27525306	-0.3482067	0.3096357	0.3484973	0.27084532
0.7070188	0.8028091	0.79975855	0.734702	0.71415734	-0.71124923	-0.79767346	0.77090573	0.7568609	-0.8128189	-0.7345368	0.68580353	-0.8112375	0.7797396	0.71909016	0.6691798
-0.52999014	-0.53328973	-0.5375197	-0.50235254	-0.5115442	0.57449484	0.49570972	-0.507102	-0.5008277	0.54056823	0.52721745	-0.51772	0.49478802	-0.5552358	-0.5697155	-0.49476662
-0.7178364	-0.74405354	-0.67354393	-0.80431795	-0.7067131	0.7165014	0.7661002	-0.77188337	-0.73207605	0.7640772	0.8102746	-0.680999	0.7421001	-0.762735	-0.71470046	-0.6797846
-0.19060184	-0.31261885	-0.028022233	-0.23394066	-0.22928114	0.27218217	0.21971953	-0.2642767	-0.20122461	0.30581993	0.2854216	-0.23424627	0.2805513	-0.23467705	-0.32472718	-0.21497391
-0.2552814	-0.23133941	-0.16448775	-0.3107761	-0.29284623	0.23401424	0.27444625	-0.27254423	-0.21745507	0.27747166	0.2926845	-0.24808162	0.29238102	-0.31180903	-0.31835487	-0.21521729
-0.25008258	-0.27654618	-0.058924317	-0.30587694	-0.2996174	0.301799	0.34049612	-0.25011215	-0.32358116	0.4079478	0.2695114	-0.30320066	0.3917315	-0.3320107	-0.30026737	-0.15144728
-0.2494635	-0.31040293	0.1331142	-0.28838012	-0.28483644	0.35690564	0.3234695	-0.30473396	-0.28938684	0.41357124	0.41992575	-0.42971945	0.4741225	-0.35120973	-0.38616768	-0.21327588
-0.2751508	-0.31513125	-0.12803026	-0.30890316	-0.24973018	0.303709	0.34312993	-0.34854844	-0.3007848	0.32469037	0.35704076	-0.3130235	0.30551034	-0.32693794	-0.28179047	-0.21959533
-0.23353136	-0.3769058	0.20724759	-0.33928907	-0.27598038	0.40714076	0.3091783	-0.260014	-0.29638404	0.43387732	0.28747398	-0.42670318	0.4813097	-0.40689328	-0.3697115	-0.09012943
-0.30345628	-0.3132117	-0.038990002	-0.3640454	-0.25546762	0.34956446	0.29626548	-0.34237623	-0.32378182	0.37746075	0.32969606	-0.3792541	0.37170655	-0.33299354	-0.3836484	-0.22966923
0.38963363	0.5080712	-0.05957098	0.47487846	0.41418132	-0.5280924	-0.38806173	0.4985746	0.37197205	-0.4873711	-0.4916402	0.5297756	-0.51321524	0.49999827	0.5116833	0.24717589
-0.32448396	-0.41042137	-0.053794097	-0.3488546	-0.33132085	0.45341474	0.42164102	-0.38458446	-0.37996063	0.48955595	0.43416554	-0.38790005	0.4272039	-0.39895087	-0.42293486	-0.3119209
-0.10295647	-0.025170498	-0.7201684	-0.04629981	-0.14797413	-0.105654344	0.046292637	0.0059620305	-0.1777089	-0.06771426	-0.083628826	0.14541508	-0.08932008	0.09701746	0.109084204	-0.3994455
0.47605324	0.4305831	0.53412056	0.4338105	0.45966166	-0.41704583	-0.4411689	0.43807775	0.47158197	-0.46092132	-0.51298624	0.39563373	-0.386728	0.4343485	0.40647697	0.44114745
-0.9433062	-1.0070232	-0.63954735	-1.0177732	-0.9291198	1.0004025	0.9971773	-1.0263968	-0.9417852	1.098302	1.0679537	-0.8826092	0.976595	-1.0547655	-1.0215057	-0.8506205
-0.49294654	-0.41385737	-0.41193816	-0.43963253	-0.46235088	0.49979654	0.4957298	-0.48723555	-0.49003792	0.50296533	0.51547706	-0.41807777	0.5048322	-0.4851371	-0.46233633	-0.39693588
0.79350704	0.8176535	0.61588836	0.8665969	0.81753385	-0.76894957	-0.7951015	0.8588991	0.8433793	-0.8036188	-0.8123052	0.7234067	-0.79069954	0.8434476	0.81576717	0.7724644
0.54990494	0.59544134	0.7953763	0.6168883	0.55609405	-0.568756	-0.6177563	0.54850477	0.59998864	-0.6180217	-0.5159824	0.50427264	-0.51505005	0.53582543	0.47386858	0.58188236
-0.64111733	-0.79380953	0.03415713	-0.8019324	-0.6543094	0.80328876	0.7962751	-0.76856774	-0.6518422	0.9121863	0.8332489	-0.7849618	0.98277617	-0.94136995	-0.8417241	-0.47905645
-0.27654675	-0.29565194	-0.20371005	-0.36136806	-0.28191724	0.2846692	0.33405027	-0.28167102	-0.35677335	0.34722224	0.24496979	-0.24715641	0.35696277	-0.36420658	-0.34160054	-0.35167605
0.6343822	0.5983184	0.56572556	0.60980093	0.6130093	-0.6229585	-0.59553003	0.5498157	0.56995934	-0.631845	-0.5549698	0.51414734	-0.5978374	0.5808895	0.6367102	0.6067613
-1.1210206	-1.1424283	-0.89509875	-1.1747484	-1.0785798	1.151338	1.1808012	-1.1848704	-1.183543	1.3117268	1.150521	-1.0732179	1.1779788	-1.2859935	-1.182603	-0.9499069
0.17027692	0.20302285	0.20662072	0.12578963	0.22225828	-0.13173452	-0.20557292	0.17612232	0.17784066	-0.21188423	-0.2152311	0.1319009	-0.16594473	0.17860068	0.13289596	0.17608766
-0.05794571	-0.043504782	-0.06844954	-0.11158853	-0.058674	0.0819337	0.037166677	-0.10299442	-0.06717217	0.055392537	0.09421774	-0.13102554	0.050918058	-0.08856532	-0.07850618	-0.093160294
-0.49634373	-0.5437277	-0.36423805	-0.5538696	-0.50752944	0.46267024	0.52273375	-0.49303886	-0.5401593	0.5773787	0.45472622	-0.45336863	0.6137796	-0.52423596	-0.53760177	-0.4212977
-0.5335173	-0.54445654	-0.29602244	-0.59613955	-0.57645464	0.54468167	0.54313767	-0.52229315	-0.5702693	0.61661714	0.5757652	-0.59361255	0.63808465	-0.62380147	-0.6542731	-0.43847367
0.07447107	0.014669883	0.15953584	0.023048347	0.041329216	-0.011079204	-0.05650036	0.03198429	0.08973791	-0.039416105	-0.028721575	0.02681052	-0.025187626	0.030214971	-0.01657493	0.06357778
-1.177341	-1.2349961	-0.95995367	-1.2373357	-1.2179643	1.2700115	1.2641362	-1.226309	-1.241048	1.2758682	1.2621841	-1.1383762	1.2665486	-1.2862865	-1.2539365	-1.1069947
0.55585074	0.54283047	0.0423902	0.5786881	0.5269531	-0.6465885	-0.60959065	0.52889806	0.5072062	-0.6167503	-0.619013	0.56614834	-0.62783724	0.60539025	0.66081536	0.35454503
0.13510393	0.073716775	0.26603097	0.08259996	0.13814153	-0.13364896	-0.20761037	0.14741634	0.15324813	-0.11175303	-0.11130179	0.034725167	-0.11956104	0.113693506	0.101369865	0.1909381
-0.3120536	-0.28537104	-0.32161963	-0.343938	-0.31132936	0.283194	0.3786291	-0.3146016	-0.37367737	0.3881625	0.32631794	-0.27991757	0.32763603	-0.35415813	-0.35638812	-0.35101682
0.39706913	0.45500532	0.41662645	0.37090233	0.4478098	-0.40582868	-0.3950805	0.39138728	0.38204378	-0.47749242	-0.39553595	0.38012323	-0.46088508	0.3845195	0.40185627	0.41717833
-0.8932095	-0.9147161	-0.3101958	-0.94227827	-0.8768307	1.0134767	0.9324538	-0.86495036	-0.88045824	1.0461808	1.0091681	-0.9023655	1.0192661	-1.0251951	-1.0339944	-0.6900998
0.51734555	0.4991187	0.5060446	0.509178	0.5548823	-0.53328747	-0.50810015	0.50427836	0.508824	-0.5799954	-0.4733407	0.46006492	-0.57908857	0.579271	0.5528784	0.48036617
-0.19428839	-0.20129572	-0.03150521	-0.18039134	-0.14027435	0.13882966	0.17617694	-0.19246659	-0.18822475	0.19379655	0.17626809	-0.14429542	0.19387808	-0.21777345	-0.21235898	-0.09496539
-0.42783627	-0.43427882	-0.31175876	-0.40716463	-0.3783765	0.49010783	0.43985653	-0.41554627	-0.37415376	0.49386683	0.49706393	-0.38167498	0.47875023	-0.4517996	-0.4097168	-0.36071596
-0.17459057	-0.20967138	0.047202453	-0.20553212	-0.19253257	0.17718844	0.1785647	-0.19298582	-0.17086694	0.2382087	0.21426311	-0.22256002	0.21779847	-0.21775185	-0.24980767	-0.17676125
-0.8293164	-0.91004336	-0.6052188	-0.9043868	-0.86720407	0.89673895	0.8533601	-0.9109631	-0.82521975	0.9531476	0.9464897	-0.76061964	0.88912165	-0.91505665	-0.9005936	-0.68944734
-0.6714657	-0.7622239	-0.5861265	-0.73313206	-0.7682055	0.7539879	0.7895085	-0.7574802	-0.7146014	0.8140411	0.77223134	-0.7108369	0.7457021	-0.83226204	-0.76465046	-0.6863058
-0.5370097	-0.57740384	-0.2851526	-0.52635705	-0.5399866	0.56777173	0.5250956	-0.5402328	-0.50541323	0.55214345	0.54739803	-0.50454557	0.54869205	-0.57574	-0.55316806	-0.38910046
-0.87935185	-1.0103966	-0.44892102	-0.9971989	-0.9628079	0.9702696	0.9971889	-0.8963156	-0.8942842	1.0295846	1.0294993	-0.918744	1.0864024	-1.0021746	-0.9909894	-0.76731884
0.39183778	0.37347275	0.49265787	0.39640215	0.3866576	-0.30145302	-0.29551575	0.4165737	0.38656774	-0.33279946	-0.38216588	0.25729647	-0.32683024	0.27604645	0.26481745	0.41440314
-0.14764442	-0.072383955	-0.32824567	-0.038129166	-0.09229214	0.01559874	0.059130784	-0.11579671	-0.16432236	0.06570039	0.011299257	0.055966552	-0.03623951	-0.06580732	-0.026214257	-0.24171753
0.28620788	0.29027605	0.34812757	0.34852904	0.31950054	-0.30023086	-0.26059842	0.3579696	0.31979018	-0.24927263	-0.36203617	0.26096332	-0.21933943	0.32357314	0.26589692	0.26060674
-0.3560701	-0.3872167	-0.15707222	-0.4112781	-0.31898013	0.35219812	0.28811848	-0.3319777	-0.34043902	0.37515727	0.35918945	-0.41124228	0.3642402	-0.37026057	-0.38288426	-0.24042478
-0.61527944	-0.65124923	-0.32562518	-0.5881931	-0.57781506	0.65104747	0.62427306	-0.55030346	-0.58859503	0.68332005	0.604871	-0.61661303	0.7167083	-0.6856635	-0.60191345	-0.44458342
0.07739655	0.08331937	0.24208626	0.12739085	0.19142653	-0.12647341	-0.10052395	0.14825031	0.19198231	-0.1597256	-0.1161439	0.095966555	-0.13409564	0.17308515	0.11874999	0.10140987
0.34925655	0.34014437	0.6339583	0.36750367	0.3489756	-0.23446332	-0.32786047	0.40443796	0.3645863	-0.2385988	-0.3157453	0.25551352	-0.19304076	0.32050994	0.26936662	0.40793255
0.5347508	0.59083503	0.72482455	0.58693844	0.54821455	-0.505803	-0.65979075	0.5721518	0.6204639	-0.650506	-0.57371444	0.45272547	-0.5401065	0.5494442	0.5989046	0.587492
-0.74100137	-0.86236405	-0.26571423	-0.8447155	-0.7769609	0.90598994	0.8264398	-0.7858078	-0.76836413	1.0184492	0.8875236	-0.80836755	0.9690094	-0.9867496	-0.92110133	-0.60711825
0.29999605	0.27438805	0.32621726	0.33416778	0.37577632	-0.25999278	-0.31307504	0.32468408	0.3336846	-0.32662892	-0.30870995	0.32404476	-0.32639372	0.30285546	0.2896643	0.35590342
-0.5105785	-0.5788783	-0.39712885	-0.5437461	-0.5172924	0.5386987	0.48260054	-0.5508382	-0.54188085	0.49452072	0.59322935	-0.53071207	0.5612574	-0.51026535	-0.5421687	-0.4780296
-0.07986592	-0.010585334	0.07890485	-0.017400531	-0.057812244	0.034557626	-0.004174077	-0.023731843	-0.041471146	0.07632879	0.040918566	-0.05015032	0.018793244	-0.03180112	-0.051331352	0.012354202
-0.9946547	-1.0085342	-0.78327996	-1.0618247	-1.0039926	1.001105	1.1151056	-1.061869	-0.99533427	1.087393	1.031465	-0.9777931	1.0971686	-1.0927212	-1.0327626	-0.9229587
-1.0711968	-1.1228794	-0.7159977	-1.1153418	-1.0480385	1.1156068	1.1217076	-1.0556439	-1.032002	1.1448961	1.1015849	-0.9655394	1.1225878	-1.2057121	-1.1536193	-0.91051525
-0.002559173	-0.012787994	-0.06719888	-0.079497	0.0025928945	0.008590683	0.072274275	-0.0017031665	-0.03042413	0.06796465	0.022788368	-0.003032298	0.03848356	-0.050200257	-0.019508628	-0.0679416
-0.8288576	-0.7729173	-0.58151394	-0.8059959	-0.7827969	0.8759473	0.821632	-0.8726263	-0.8409922	0.8714534	0.8701164	-0.7857107	0.81992346	-0.8250044	-0.7896916	-0.7224856
0.7516665	0.7575949	0.79180235	0.7213076	0.7253367	-0.7191886	-0.76042604	0.69813704	0.8046802	-0.82968223	-0.7775877	0.6533898	-0.7865293	0.7787156	0.76513237	0.6704745
0.8836391	0.9331264	0.8939964	0.9381104	0.90708	-0.86083764	-1.0209438	0.87202215	0.92026895	-1.0623598	-0.9318479	0.7682263	-0.9554552	0.9751336	0.93857867	0.8029047
1.0423498	1.1329163	1.1064972	1.1319394	1.0543997	-1.1039575	-1.1214432	1.0787748	1.0848131	-1.1917642	-1.1477453	0.94753176	-1.1133649	1.127625	1.1056837	0.9740074
-1.0082278	-0.9964805	-0.6847961	-0.97315484	-0.95509255	1.0585988	1.0468574	-1.0461142	-0.9575439	1.044734	1.0809867	-0.9095587	1.1260755	-1.1012746	-1.0492958	-0.9137522
-0.6453965	-0.6397619	-0.5467496	-0.63352853	-0.61231524	0.6942262	0.64660454	-0.6792657	-0.6145677	0.6686295	0.6886562	-0.67642367	0.7262024	-0.7204987	-0.6734453	-0.52958816
0.21637554	0.19697823	0.2338156	0.16139688	0.2283724	-0.14695448	-0.19865452	0.20049353	0.1688457	-0.17528184	-0.116389535	0.12873057	-0.14083377	0.14046438	0.14160158	0.2148914
-0.02193052	-0.076789476	0.28647268	0.008377171	0.039863117	0.06263647	-0.02304987	-0.008139773	-0.020846818	0.034463204	-0.0076059215	-0.055549454	0.05392135	-0.079101935	-0.093799435	0.089363724
0.58324474	0.590876	0.6275476	0.68102515	0.6475779	-0.64475316	-0.650783	0.62294066	0.6968516	-0.65900385	-0.6400971	0.51972413	-0.6334775	0.6541494	0.64124095	0.5860252
-0.518089	-0.55989254	-0.36350885	-0.5637337	-0.5195183	0.57512903	0.5915811	-0.4875116	-0.50703114	0.64260876	0.5204192	-0.46571508	0.58250153	-0.63984627	-0.52983946	-0.4696282
0.054422136	0.009122262	0.19871154	-0.0315677	-0.032171838	0.05993342	-0.020638196	0.01949756	0.023288164	0.040264692	0.034157768	-0.019040674	0.05075125	-0.0023929703	-0.08131253	0.0017907888
-0.045443814	-0.02878972	0.0043445663	-0.008556199	0.008476309	0.06360977	0.06937051	-0.086925134	-0.030600775	0.04544059	0.09338468	-0.07398881	0.03174367	-0.04230528	-0.020226097	-0.003965848
-0.08949207	-0.015705807	-0.10949374	-0.105488315	-0.0933432	0.06421804	0.09251235	-0.05142404	-0.101500906	0.09229942	0.021255003	-0.009909158	0.058550306	-0.11149515	-0.11221746	-0.09747547
0.43102878	0.44232202	0.39521912	0.44669256	0.44912145	-0.38871413	-0.41739252	0.38192573	0.38974127	-0.4580073	-0.4158879	0.3679035	-0.45089215	0.41188014	0.36312708	0.3778429
-0.47251585	-0.52677065	-0.43813476	-0.56708866	-0.55866235	0.53723484	0.56502235	-0.49488834	-0.5065972	0.52566147	0.4870116	-0.4675494	0.6078678	-0.6046201	-0.5739017	-0.41787016
0.57049364	0.598417	0.7233624	0.6568573	0.5590117	-0.5608529	-0.58963907	0.583279	0.6745722	-0.5711791	-0.5994622	0.42858747	-0.5471361	0.60087687	0.59798783	0.5999024
-0.03812547	-0.1258275	-0.046909045	-0.13273989	-0.1027344	0.08300831	0.116988786	-0.100618646	-0.091640815	0.110155836	0.11585008	-0.12664096	0.09825706	-0.0880292	-0.08187774	-0.090365306
1.2481865	1.2122903	1.1429023	1.2105203	1.1895871	-1.1416594	-1.3034109	1.1774591	1.2395991	-1.2678983	-1.2206329	1.1228694	-1.2123767	1.2914218	1.2083145	1.1911844
-0.47977126	-0.50452745	-0.5307868	-0.5585939	-0.55718905	0.5184353	0.4905564	-0.4822266	-0.4867412	0.5367515	0.5501515	-0.47793528	0.56075114	-0.5055749	-0.50484663	-0.44925797
0.5756055	0.5002465	0.76628244	0.5892757	0.5608912	-0.51765454	-0.66035295	0.5580631	0.5540238	-0.5591462	-0.5307336	0.4485677	-0.567653	0.57864255	0.4840376	0.5893815
-0.011734189	-0.08174745	0.03320072	-0.10125293	-0.011619835	0.11309776	0.062025696	-0.104822874	-0.052653253	0.053628627	0.0717758	-0.08146853	0.06858638	-0.03318221	-0.074007764	-0.025266232
-1.0824658	-1.1594278	-1.0382404	-1.1771933	-1.1740787	1.1043359	1.1960405	-1.1517044	-1.1435493	1.2298945	1.1599622	-1.0520557	1.2284913	-1.1807233	-1.1694056	-1.0193098
-0.38179666	-0.34571347	-0.27695024	-0.40946355	-0.3575393	0.40511358	0.36696416	-0.43502423	-0.33536726	0.37633482	0.45071718	-0.35352257	0.42045295	-0.430705	-0.42374513	-0.28209564
0.5655753	0.57782394	0.34725338	0.52435595	0.48760176	-0.51367456	-0.5119434	0.6094912	0.5256951	-0.51529396	-0.6242216	0.4711442	-0.566401	0.5380086	0.56367654	0.48040363
0.44683078	0.38989484	0.4565183	0.4157904	0.3661012	-0.39435607	-0.44353938	0.36573294	0.43288568	-0.41058472	-0.36757833	0.32190102	-0.41272178	0.42132428	0.3849295	0.43656075
-1.1281416	-1.1911577	-0.95450056	-1.2434812	-1.1856512	1.2315886	1.1809052	-1.1740907	-1.2013313	1.263703	1.2514204	-1.1409495	1.2487777	-1.228783	-1.1974895	-1.0268351
0.06881403	0.024419859	0.25874203	0.081890196	0.059084125	-0.03836709	-0.008308656	0.047565464	0.1045659	-0.008039352	-0.0319313	-0.015168825	0.07159417	0.028481798	-0.0070178756	0.13551706
-0.41512755	-0.39363664	-0.3297674	-0.38773918	-0.33149165	0.34624097	0.35741317	-0.37800866	-0.3977969	0.3566695	0.42476064	-0.34911808	0.34710073	-0.3315352	-0.34961224	-0.32465523
-0.8549297	-0.86577624	-0.56370425	-0.8644549	-0.8115776	0.88706017	0.8939082	-0.8930983	-0.8287591	0.98335737	0.89752984	-0.824088	0.90747267	-0.9296643	-0.8547583	-0.7279883
-0.110847205	-0.11182848	-0.06985447	-0.10990989	-0.12500967	0.14151375	0.054179244	-0.14125024	-0.060550958	0.09704851	0.08869387	-0.086191565	0.13974339	-0.117183454	-0.15522859	-0.07897585
0.8342925	0.82224256	0.9300896	0.8675309	0.8923538	-0.8537471	-0.96952343	0.89638704	0.8850338	-0.910136	-0.8853705	0.72829497	-0.86037886	0.91220623	0.8633814	0.88637847
-1.0242945	-1.0718929	-0.9256146	-1.0754712	-1.0014502	1.0519361	1.1095991	-1.049491	-1.0124496	1.1252027	1.0934366	-0.974185	1.1183125	-1.1318052	-1.1143522	-1.001277
-0.5780989	-0.74922436	0.22890897	-0.7623137	-0.63597226	0.79205465	0.67324626	-0.6887683	-0.64562887	0.78550684	0.8402003	-0.75225216	0.8177747	-0.7718747	-0.8388145	-0.41330644
-0.5340469	-0.49440175	-0.45686704	-0.47525772	-0.52184296	0.49756783	0.4634428	-0.5458056	-0.52703255	0.4413894	0.52475166	-0.5084239	0.4616434	-0.45114377	-0.47086778	-0.458821
-0.30466115	-0.35894275	0.08891509	-0.3130707	-0.28405604	0.410975	0.33837867	-0.30619586	-0.33875072	0.39764076	0.38090706	-0.446147	0.4906272	-0.4005637	-0.44425756	-0.1723946
0.14050274	0.20899819	0.28032443	0.15938807	0.2570633	-0.19022766	-0.20095962	0.20956188	0.18606883	-0.246361	-0.14680395	0.15617259	-0.19621621	0.1677434	0.23378712	0.16615945
0.6063888	0.6324462	0.7345923	0.66010207	0.70298755	-0.60829526	-0.7027342	0.64362735	0.66554505	-0.61803573	-0.58757454	0.5636538	-0.6049297	0.5963112	0.6564323	0.63112164
-0.110584974	-0.13611889	-0.044879094	-0.16434142	-0.21059415	0.22408055	0.16945682	-0.14368087	-0.14608026	0.19433336	0.14671947	-0.21596974	0.24042962	-0.16653426	-0.20411791	-0.13809165
0.48586136	0.45582044	0.5691591	0.49244756	0.44865152	-0.36011687	-0.41562864	0.4089951	0.48495445	-0.37067857	-0.44460616	0.33727655	-0.3867576	0.44940108	0.36786255	0.49126604
-0.15770146	-0.124449596	-0.20328414	-0.15000203	-0.18265967	0.16232677	0.21570756	-0.1848999	-0.13997844	0.16755687	0.23547566	-0.21369515	0.19641204	-0.13264357	-0.20436993	-0.20639582
-0.41194806	-0.41799664	-0.36774442	-0.4007192	-0.40917015	0.43353987	0.44854474	-0.3794798	-0.4301455	0.4268404	0.43383452	-0.42133856	0.5017788	-0.4317706	-0.47454527	-0.42154858
-0.029528532	-0.015331068	-0.06489815	-0.06581958	-0.005099972	0.02587233	-0.012703449	-0.032163993	-0.031178692	0.021834776	0.098669395	-0.015700083	0.059284665	-0.053342406	-0.007928086	-0.040253438
-0.4959713	-0.5087391	-0.32833734	-0.46136382	-0.48231998	0.49892223	0.53115463	-0.5047185	-0.4654125	0.4868308	0.45449892	-0.46137264	0.49181527	-0.5126004	-0.5594335	-0.39851284
-0.037448164	-0.06711812	0.10187561	-0.034948174	-0.06505152	0.057318434	0.12617016	-0.09505461	-0.084137656	0.17225526	0.09322609	-0.067439206	0.190292	-0.07217986	-0.16231738	0.031472806
1.1061301	1.1231464	1.0661852	1.1766566	1.074638	-1.0456195	-1.1357192	1.1181381	1.1328114	-1.2410784	-1.0832992	1.0154564	-1.138957	1.1325226	1.1304252	1.0188686
0.15679501	0.08721653	0.15231124	0.09645766	0.10555116	-0.13241164	-0.110513754	0.1201492	0.11540619	-0.14499995	-0.13477777	0.090684436	-0.16962716	0.09876603	0.15635599	0.111611016
0.19928521	0.4196222	-0.70395577	0.32833079	0.2311156	-0.5135552	-0.30859566	0.3714369	0.18338487	-0.51240456	-0.45682707	0.5685006	-0.57215023	0.43929917	0.5166018	-0.28192046
0.9290888	0.934921	1.0659035	1.0273532	0.99095845	-0.9226886	-1.0488032	0.9750916	0.97195095	-1.010028	-0.963379	0.87924427	-1.003893	0.9747533	0.98928785	0.9463242
0.3515311	0.35399312	0.33947742	0.3384997	0.32329503	-0.30567777	-0.32624286	0.3409508	0.37450048	-0.30743977	-0.40316594	0.29687	-0.2910405	0.29527563	0.3277159	0.37634006
0.01485403	-0.026414042	0.1128385	-0.04821199	-0.017680021	0.04507395	-0.020615758	-0.009293323	0.0074322075	0.029321857	0.08421446	-0.061892863	0.053159345	-0.06574716	-0.033893384	-0.013502604
-0.034488022	-0.05985575	-0.014109275	-0.06711531	-0.026562458	0.09639066	0.07059896	-0.0042148847	-0.0039000222	0.048581295	0.057518236	-0.086383864	0.040630456	-0.112950034	-0.028896624	-0.0051509026
-0.4489343	-0.5341132	-0.026535727	-0.46121183	-0.4721257	0.5416211	0.43209398	-0.48145768	-0.40473688	0.5430056	0.4879532	-0.5104985	0.5709142	-0.50530624	-0.564594	-0.31908605
-0.18221751	-0.26206252	-0.23409478	-0.2103446	-0.19412808	0.25386477	0.271939	-0.26522678	-0.25289088	0.17802307	0.2446254	-0.23948143	0.15661426	-0.16925828	-0.1606333	-0.23356766
0.27506268	0.20986368	0.24207538	0.28210127	0.2804706	-0.25498474	-0.33394477	0.20941316	0.31449097	-0.2863957	-0.21504132	0.23188353	-0.3334388	0.31981146	0.2937129	0.21252574
1.2196724	1.3020265	1.2204313	1.3251265	1.3080208	-1.239687	-1.3493383	1.3161144	1.3114747	-1.3850847	-1.2502283	1.1459739	-1.3425268	1.3181612	1.2521757	1.1888797
0.3699587	0.36830723	0.4303456	0.4467283	0.3631219	-0.39934573	-0.43825153	0.38659027	0.39847237	-0.4157955	-0.3951425	0.29950252	-0.3960074	0.39978236	0.4007274	0.41973114
0.054859307	0.044338785	0.125	-0.008909533	0.10099753	0.008652652	-0.03914133	0.022051526	0.0018479215	-0.055606782	0.0041801143	-0.028849384	-0.018745447	0.071791746	0.015573854	0.00841333
-0.8995558	-0.92057544	-0.74500805	-0.86046726	-0.8258886	0.89500445	0.8297046	-0.8435099	-0.89164084	0.92890596	0.87181216	-0.8585069	0.92641604	-0.8597722	-0.89839643	-0.8335917
-0.53560156	-0.5664131	-0.058631442	-0.5689378	-0.5264661	0.61331546	0.5377785	-0.58361536	-0.49722362	0.70363593	0.69601166	-0.6140745	0.69625455	-0.67411554	-0.71472025	-0.39679465
-0.7993384	-0.90805346	-0.5410729	-0.88197416	-0.84106684	0.9172789	0.9359616	-0.83837223	-0.83648574	1.0156895	0.962266	-0.8543623	0.9688873	-0.96567357	-0.9587473	-0.7096546
0.4215177	0.33871186	0.4941021	0.38009742	0.38433683	-0.35584462	-0.41393057	0.37900618	0.38293973	-0.4339228	-0.38994497	0.28181416	-0.4178535	0.39602137	0.3707037	0.3526884
0.9657483	1.0235118	1.0374107	1.0479504	1.0667278	-0.99554044	-1.1081299	1.026225	1.0785615	-1.1161904	-1.044164	0.9116456	-1.0218066	1.0441626	1.0055985	0.99063635
0.50140965	0.5892435	-0.48104632	0.5207188	0.42782164	-0.6277466	-0.5502781	0.551042	0.3872049	-0.5831564	-0.5922301	0.6911638	-0.57917345	0.601723	0.6466643	0.115626425
-0.17537402	-0.13331866	-0.18066354	-0.15965399	-0.15422115	0.16508764	0.13144551	-0.12510167	-0.17315929	0.21927685	0.19483992	-0.20797592	0.21762106	-0.18947813	-0.16200897	-0.12103754
-0.16051647	-0.19255716	-0.1063903	-0.1729418	-0.13849023	0.1512661	0.13463566	-0.12921175	-0.16866204	0.14484593	0.20173797	-0.16144344	0.19658084	-0.2180933	-0.18032625	-0.20863482
0.17305696	0.14310333	0.17056331	0.09960815	0.14294901	-0.10214676	-0.12700474	0.09884146	0.15310328	-0.16451576	-0.17491886	0.0746581	-0.18945499	0.1642164	0.111842185	0.12643994
0.5153218	0.5517824	0.49068877	0.4873959	0.5174561	-0.4901546	-0.54202324	0.510098	0.5154405	-0.51474845	-0.52264214	0.4849209	-0.53755486	0.48249793	0.49263653	0.46799046
0.24015987	0.28509295	0.37554294	0.2876074	0.2995236	-0.22787191	-0.28093514	0.31254655	0.3063538	-0.26209438	-0.23317796	0.23084913	-0.30000365	0.28567976	0.20902097	0.28488773
0.64666647	0.6581527	0.69375306	0.6391057	0.68774676	-0.59363383	-0.71484286	0.60073525	0.69198513	-0.6531394	-0.6624571	0.6204073	-0.6364637	0.67736197	0.6530631	0.59948903
-1.0356758	-1.0361784	-0.8313369	-1.0806676	-1.0229377	1.0406562	1.0773939	-0.98253	-0.9858906	1.1368899	1.0291117	-0.91352814	1.0294777	-1.0601395	-1.024138	-0.89880234
0.020604584	0.06815854	0.052422617	-0.0077763167	0.03386796	-0.032811504	-0.058137048	0.07077752	0.044966735	-0.07261614	-0.00729931	-0.01338553	-0.08561996	0.013143774	-0.0071346927	0.08126739
-1.0981914	-1.1237696	-0.9832355	-1.1428993	-1.1501704	1.0977898	1.1441635	-1.1491891	-1.097563	1.2184697	1.1539226	-0.99271715	1.1727103	-1.1532248	-1.1308132	-1.0630267
1.0216489	1.0446169	1.0960584	1.1299857	1.0796175	-1.0146319	-1.1290674	1.0423306	1.07438	-1.1198494	-1.0528623	1.0259329	-1.1116354	1.0984584	1.0776194	1.0143648
0.07980876	0.04058726	0.25481567	0.008685728	0.13029434	-0.0011395692	-0.09322737	0.09402925	0.07889161	-0.038242526	-0.06998312	-0.0028805307	-0.0021311515	-0.0030554438	0.0001368554	0.118462466
-0.78155905	-0.8007542	-0.7898541	-0.8122153	-0.7561223	0.755984	0.8461294	-0.8452717	-0.82732326	0.8002273	0.81176615	-0.7123427	0.7831026	-0.85460204	-0.7994303	-0.7316162
0.4981103	0.5481782	0.5000781	0.5513936	0.5528129	-0.5240996	-0.60754144	0.5399091	0.58321244	-0.710563	-0.57231355	0.452727	-0.6465464	0.6459232	0.55190504	0.4774472
-0.18719108	-0.2617123	0.03425792	-0.2084822	-0.12825243	0.2647778	0.14270648	-0.16933605	-0.19145484	0.20200723	0.258828	-0.26976135	0.3193996	-0.21098617	-0.25014558	-0.12703076
-0.8019813	-0.89302015	-0.7668849	-0.88333726	-0.8282577	0.81315476	0.8700049	-0.86955345	-0.89407164	0.8507737	0.872409	-0.790627	0.88792485	-0.8439066	-0.872239	-0.7879633
-0.44644293	-0.41839433	-0.33308008	-0.46700692	-0.48763213	0.42551255	0.48598912	-0.47297618	-0.4892008	0.4566601	0.5450488	-0.42342705	0.43615422	-0.44562182	-0.43436036	-0.41479972
0.381802	0.38071743	0.42771497	0.40849045	0.3929289	-0.3972628	-0.442397	0.3588165	0.37836516	-0.46288052	-0.38154235	0.3431521	-0.46736887	0.42609224	0.43824854	0.33246267
0.056215726	-0.0014424339	0.59474164	-0.035705753	0.0383888	0.16002078	-0.032136235	0.056077752	0.11805176	0.07615384	0.09117038	-0.21079317	0.17867714	-0.0370063	-0.16522083	0.20606777
1.370549	1.3138323	1.3733069	1.3505269	1.3332276	-1.348274	-1.3820049	1.3280709	1.3833735	-1.3737919	-1.353732	1.1747925	-1.4175941	1.3876548	1.3499312	1.2501026
-1.0654448	-1.0080043	-0.962037	-1.0540696	-1.020034	0.9993386	1.1112093	-1.0509076	-1.0915797	1.1414063	1.064674	-0.9464943	1.0502019	-1.052146	-1.0643536	-0.9635315
0.25231957	0.27481204	0.24579558	0.22940585	0.27328396	-0.2297077	-0.2819976	0.28085035	0.22242914	-0.22264603	-0.21036068	0.19049565	-0.29013693	0.22044718	0.25436032	0.19919725
0.024570238	0.0042884443	-0.004745662	-0.03824001	0.046314105	0.03592458	-0.080337286	-0.025708107	0.05972601	-0.013807296	0.069083974	-0.008813837	-0.07260258	0.0052276156	0.02313152	-0.044353437
0.15277964	0.19448054	0.13864785	0.14131252	0.20299199	-0.13118678	-0.22572608	0.20121332	0.20525795	-0.2517283	-0.12006695	0.13674068	-0.17540263	0.17409559	0.2355148	0.19210234
0.22805654	0.18074897	0.33244962	0.23371603	0.2613995	-0.15025617	-0.18955408	0.22849351	0.17818849	-0.2428627	-0.20096205	0.16907701	-0.20722431	0.2506342	0.18510143	0.20304365
1.049869	1.1356474	1.1548702	1.132753	1.1361749	-1.1157695	-1.1740438	1.0817465	1.1741385	-1.2194282	-1.1388509	1.0608243	-1.1145774	1.1356318	1.1052703	1.0890694
-0.01712259	0.008805979	0.016217848	-0.04715971	-0.03887238	-0.0038478612	-0.03594267	0.046706934	-0.013064203	-0.0311632	0.044675767	-0.012234813	0.049652357	0.0048476453	-0.003628232	0.052973974
-0.1888873	-0.13866143	-0.14515208	-0.19257762	-0.20834848	0.19327301	0.12480557	-0.19929984	-0.18159854	0.19390844	0.20433408	-0.19325721	0.23037867	-0.15293895	-0.13258246	-0.1238236
-0.40340006	-0.38185754	-0.36298037	-0.44676915	-0.39034972	0.3472579	0.38812777	-0.42023557	-0.45864245	0.45967293	0.38803038	-0.34026322	0.47772238	-0.45945793	-0.43491116	-0.34740236
-0.7274664	-0.8123885	-0.15651564	-0.82351184	-0.77424985	0.80093557	0.8114639	-0.7914748	-0.7929155	0.9529657	0.7986608	-0.7694357	0.9522394	-0.89109737	-0.8407151	-0.5372203
-1.0650195	-1.0618919	-0.7772631	-1.0973814	-1.0115654	1.1034603	1.0991054	-1.1123512	-1.0689213	1.1611111	1.1277194	-0.9867415	1.1530387	-1.206587	-1.0850787	-0.9527954
-0.48167872	-0.49530533	-0.41853935	-0.50220877	-0.47623962	0.47676367	0.541665	-0.5188622	-0.5132506	0.53652894	0.47683898	-0.50360787	0.592846	-0.5290977	-0.51840186	-0.40421823
0.7324708	0.72931886	0.87444234	0.73948205	0.8041803	-0.72264326	-0.7742495	0.7607756	0.8532413	-0.8050769	-0.7541972	0.66171557	-0.75709254	0.7230398	0.7279293	0.7618298
-0.39972118	-0.41506755	-0.1288454	-0.4024663	-0.35979104	0.47332063	0.38023818	-0.44715095	-0.38090336	0.4116848	0.455739	-0.44310984	0.44762212	-0.44712073	-0.4724979	-0.3505243
0.09368001	0.11198076	0.10748595	0.11351406	0.05742043	-0.110418856	-0.11047999	0.07740325	0.07145047	-0.077364795	-0.08133244	0.026173363	-0.06563024	0.058959212	0.082169645	0.07886297
0.1186472	0.087943316	0.37870893	0.12109548	0.17906249	-0.09873434	-0.18571442	0.19432808	0.14860167	-0.15248331	-0.13481648	0.08612566	-0.05420647	0.08137396	0.050825126	0.2355085
0.40152207	0.40764362	0.4454903	0.46533862	0.43799707	-0.44952944	-0.41470802	0.3868025	0.4648169	-0.43610165	-0.41289422	0.40638876	-0.4761916	0.41862354	0.43554774	0.41514975
0.7781523	0.8060507	0.82577205	0.8858521	0.83329433	-0.77696705	-0.85593766	0.797788	0.8605005	-0.8594686	-0.7891933	0.6684231	-0.8453888	0.88646495	0.7782296	0.70642024
0.14452855	0.04980672	0.1855404	0.13725531	0.105244346	-0.067602836	-0.0888008	0.1365983	0.105420455	-0.13395461	-0.09465969	0.06954392	-0.12856531	0.06338426	0.08544151	0.09204676
0.44431382	0.4239924	0.4658444	0.511092	0.43043044	-0.46450546	-0.45258686	0.45257583	0.43137836	-0.4596438	-0.4435436	0.45809504	-0.49904656	0.44432485	0.47432712	0.43319386
0.9855546	1.0418216	1.0027475	1.0349127	1.0106071	-1.0127169	-1.0578289	1.0163358	1.0598792	-1.1478907	-1.0433826	0.8410012	-1.0044653	1.0291135	0.972055	0.9255934
0.11542259	0.12000982	0.4559809	0.14138822	0.13062215	-0.06814509	-0.21033064	0.09029771	0.22328216	-0.12071961	-0.039542396	0.020635173	-0.01767092	0.13894263	0.0054734824	0.20671256
-0.07629051	-0.07716218	-0.25312287	-0.088427916	-0.09956222	0.042050317	0.13665654	-0.06451933	-0.058876798	0.10182972	0.0023159252	0.026669776	0.030737638	-0.022801947	-0.023939066	-0.10639851
0.8616637	0.88156736	0.88693583	0.9424768	0.9181818	-0.89551836	-0.9740666	0.88859546	0.9368844	-1.0022914	-0.94666964	0.83099234	-0.92694247	0.9575066	0.8939157	0.87656325
0.57658494	0.5552591	0.54810977	0.5382948	0.54268295	-0.5156946	-0.5503832	0.500156	0.565012	-0.6053679	-0.51969254	0.49932802	-0.5881965	0.5977704	0.593899	0.49777463
0.6619735	0.58226746	0.8825102	0.64998436	0.6734097	-0.530804	-0.68505174	0.6706075	0.7214373	-0.63793147	-0.57117367	0.48105976	-0.57772946	0.5924708	0.5646969	0.7096517
0.056291744	0.0054243915	0.3220835	0.06392051	0.045131005	-0.046366863	-0.063422434	0.07916336	0.06792831	0.0335101	-0.06047957	0.029151412	0.018618222	0.08815501	0.03928425	0.10010058
0.30147025	0.24692419	0.3444633	0.29688758	0.31227195	-0.24644704	-0.3656415	0.33244714	0.2980651	-0.2898932	-0.26183262	0.23173037	-0.23683658	0.29330403	0.2884064	0.3074174
0.43793288	0.4984927	0.38370794	0.42085782	0.51786774	-0.3852424	-0.54295176	0.44081724	0.46984854	-0.59449047	-0.4595322	0.41265726	-0.51813406	0.55360246	0.48514557	0.36543024
-0.22820203	-0.3329204	-0.055096943	-0.30157945	-0.22761323	0.35255328	0.23481795	-0.29685274	-0.2367526	0.32930204	0.2760526	-0.3044213	0.28352648	-0.33815843	-0.3340397	-0.18208879
0.24946383	0.23511723	0.2983098	0.31275928	0.2964616	-0.22743188	-0.2652702	0.2838091	0.24886735	-0.3049383	-0.28593913	0.2521616	-0.3180223	0.31029195	0.28441718	0.25198257
-0.2636865	-0.31759816	-0.05332099	-0.332478	-0.3067795	0.3794309	0.29857594	-0.32711986	-0.3380915	0.34891674	0.39310876	-0.34681717	0.39249107	-0.32933193	-0.31128776	-0.20251606
1.0889984	1.0632555	1.0560932	1.1181651	1.0999111	-1.0069214	-1.0598595	1.0136184	1.1038767	-1.1284057	-1.0367652	0.9381525	-1.0949789	1.153739	1.0223168	1.0095234
0.54165006	0.44627306	0.5432952	0.52679944	0.5453091	-0.4792986	-0.49193394	0.5102957	0.55214804	-0.5622764	-0.46629727	0.40894282	-0.44915915	0.48983786	0.4803099	0.46832368
0.9496714	0.9229202	0.93733066	0.9813793	0.945169	-0.9693893	-1.0037248	0.9984896	0.96103686	-1.0167022	-0.9902199	0.8393136	-0.97980964	0.9822471	0.9947329	0.95353705
0.070844	0.12338	0.07765504	0.10391637	0.15391673	-0.13533065	-0.09001246	0.08291312	0.07318955	-0.07790592	-0.14282086	0.046450738	-0.0931159	0.06402037	0.0956461	0.10414491
0.7715877	0.7869387	0.7194054	0.82918894	0.7633387	-0.6910858	-0.767459	0.8096058	0.73883694	-0.8374842	-0.74608177	0.60893494	-0.7787487	0.8366198	0.7539851	0.6558525
-0.029267823	-0.03522778	-0.07171446	0.0028867966	-0.030952023	0.02128763	0.014309448	-0.003015584	-0.02521662	0.025014043	0.058562327	-0.07250157	0.012302624	-0.00038506376	0.0035519905	0.007975823
-0.11420373	-0.16627356	0.10837471	-0.122028045	-0.13686287	0.14419535	0.09933463	-0.094611704	-0.13839674	0.18073665	0.120952666	-0.18063559	0.11294419	-0.14963385	-0.16649479	-0.017129106
0.43705517	0.49755648	0.48021197	0.4451259	0.4561901	-0.47497192	-0.49071908	0.5168966	0.46916303	-0.5529788	-0.51892525	0.43913397	-0.46386954	0.54903305	0.48987323	0.4126069
-0.80957216	-0.75780666	-0.69735557	-0.7649529	-0.8317413	0.83060324	0.78069705	-0.74134266	-0.8128151	0.8807493	0.780425	-0.75187963	0.84558135	-0.7848219	-0.7646829	-0.7552717
-0.15575938	-0.21556221	-0.13145404	-0.22405411	-0.13907264	0.24048418	0.13350685	-0.24218822	-0.18971151	0.16044535	0.27745634	-0.1606486	0.18738897	-0.18729788	-0.20802318	-0.16015555
-0.597061	-0.5973229	-0.39942166	-0.5998287	-0.5598128	0.62776834	0.5099236	-0.55737436	-0.55786514	0.5767047	0.59031844	-0.6050898	0.60680634	-0.58075684	-0.6118184	-0.46591175
-1.0582811	-1.0623789	-0.7643349	-1.1559465	-1.0851629	1.1310399	1.1029868	-1.0406984	-1.0839726	1.1634164	1.1665238	-1.0207987	1.1932265	-1.2174585	-1.1115134	-0.9846294
-0.8430509	-0.81374663	-0.44066995	-0.8362043	-0.8563168	0.838928	0.8714034	-0.8223063	-0.82000005	0.9805642	0.88393825	-0.79000944	0.9147297	-0.9002514	-0.8512114	-0.6660871
0.15453584	0.19502021	-0.37476295	0.13311027	0.118720874	-0.211453	-0.10283954	0.18043421	0.099546514	-0.13015252	-0.23356934	0.21896483	-0.14199036	0.17886767	0.176066	-0.22037192
-0.26942152	-0.2758594	-0.2737753	-0.33316842	-0.28744137	0.31758192	0.34237945	-0.31727773	-0.29780954	0.25600713	0.3304172	-0.26563707	0.2658025	-0.2935769	-0.31856146	-0.31064355
-0.16026457	-0.093985915	-0.07357361	-0.10970841	-0.11752266	0.09231623	0.10466463	-0.11910789	-0.08578098	0.18532223	0.13041991	-0.11928381	0.15560925	-0.13733324	-0.1701866	-0.06618441
-0.3308302	-0.33828896	-0.35469347	-0.3881101	-0.3223884	0.39320698	0.38339052	-0.38146347	-0.40319106	0.36846644	0.36507836	-0.28755772	0.40028405	-0.3716434	-0.4102305	-0.30197856
-0.35390183	-0.3585824	-0.24560133	-0.3812515	-0.30302837	0.37688527	0.38421535	-0.35525465	-0.29620752	0.37479657	0.2935791	-0.34079888	0.35484096	-0.3545145	-0.33447966	-0.32102254
-0.062859096	-0.006563076	-0.34360266	-0.023633793	-0.018635109	-0.084011845	0.032402486	-0.047437456	-0.07690919	-0.049450044	-0.008073256	0.15076756	-0.101794355	-0.0076200957	0.056071017	-0.10881315
0.3206918	0.29646283	0.37918532	0.34784567	0.32246652	-0.31242502	-0.32547235	0.35391527	0.28698108	-0.24838878	-0.3518505	0.23922616	-0.26380506	0.24947354	0.23550308	0.36420614
-0.29999924	-0.26002708	-0.3004599	-0.3341713	-0.3122553	0.3232017	0.32644558	-0.3070748	-0.33429044	0.2630711	0.2844943	-0.29664993	0.27505103	-0.24872753	-0.28698063	-0.2530859
0.071731545	-0.00857657	0.047987282	0.043391787	0.016963702	0.011221016	-0.100449115	0.05538913	0.09227338	-0.045232497	-0.045884494	0.06831134	-0.032715067	0.06853172	0.013025911	0.049326684
0.99884766	0.97803384	1.0391698	1.0662986	1.0643246	-1.0034357	-1.0332222	1.0440922	0.9992464	-1.1372368	-1.0803791	0.8858573	-1.0813261	1.0396351	0.9694415	0.9289432
-0.059279572	-0.08566807	0.07745619	-0.10794129	-0.11164248	0.108803585	0.10118952	-0.036809508	-0.04130794	0.12227911	0.05431828	-0.13124643	0.11816355	-0.0736096	-0.08655851	-0.06619594
-0.41861638	-0.51953983	-0.058407027	-0.42214906	-0.37214184	0.5400854	0.44509855	-0.4608694	-0.42470008	0.54133815	0.5117852	-0.4690011	0.5101883	-0.53721696	-0.5047935	-0.2744853
0.09690953	0.1597457	0.16261467	0.12223962	0.18899032	-0.16249795	-0.106619164	0.1943691	0.17176501	-0.11964628	-0.20186965	0.12923773	-0.16343717	0.116537735	0.13956931	0.12283322
-0.42904463	-0.2538186	-1.0408639	-0.3498938	-0.5177426	0.13144056	0.43611947	-0.35672456	-0.49735153	0.2655382	0.23357001	0.053430427	0.06288209	-0.24375518	-0.09049601	-0.75348634
0.54586977	0.56948096	0.5183662	0.6399439	0.54183066	-0.59411585	-0.6001992	0.55685824	0.598235	-0.638405	-0.57745177	0.5055176	-0.5958896	0.60532737	0.6246218	0.56749624
-0.22993945	-0.180803	-0.46994615	-0.27065644	-0.26010472	0.14923708	0.2893419	-0.20640992	-0.29594323	0.21889204	0.18870743	-0.1733906	0.19039562	-0.19367723	-0.15742145	-0.34132093
0.09793684	-0.0038292832	0.21554549	0.052330352	0.027761428	0.017703975	-0.010371796	0.035306174	0.02591208	-0.004593166	-0.061549064	0.012979797	-0.022376647	-0.008997288	-0.013215916	0.10431951
0.28761333	0.3254385	0.30451116	0.30453655	0.29314065	-0.32381812	-0.30179957	0.30878836	0.28588024	-0.29704002	-0.3408783	0.3546704	-0.29209638	0.31430882	0.3603136	0.27919737
-0.8587915	-0.82202137	-0.61065596	-0.900721	-0.8138181	0.84754586	0.9083523	-0.8624655	-0.85411584	0.95052403	0.9393085	-0.844541	0.9298365	-0.929302	-0.8810018	-0.7117158
-0.001555307	0.042131357	0.025775252	0.015135741	0.01629249	-0.00789449	0.032788828	-0.024299454	0.0059095733	-0.049010787	-0.059873726	0.0016065977	-0.011271483	0.036590397	-0.044073068	-0.024811106
-0.2814101	-0.2830468	-0.26409367	-0.2780502	-0.29292625	0.26497576	0.29242125	-0.32108817	-0.29829094	0.24533138	0.3305134	-0.33775425	0.3211425	-0.33557644	-0.32362	-0.27768365
0.6857731	0.66986793	0.8652861	0.7279061	0.6839331	-0.63066125	-0.72121835	0.70231104	0.69422233	-0.7140407	-0.604614	0.5205495	-0.6542964	0.66682434	0.5771285	0.6426558
0.5060283	0.4553901	0.70087373	0.4704131	0.4889987	-0.42171586	-0.57630193	0.5283739	0.5781709	-0.54847586	-0.46054024	0.36875984	-0.46365675	0.44979492	0.4229683	0.47476262
-0.9070822	-0.9242807	-0.8056586	-1.013202	-0.9344272	0.9224608	0.9702389	-0.9342624	-0.9496883	1.0901415	0.9974571	-0.9197422	1.0459661	-1.0707892	-0.93526393	-0.8670802
-0.046708245	-0.0004240955	-0.08547441	-0.015938163	0.0137901	0.0051118317	-0.0052965675	0.047728892	0.008222275	-0.023156352	-0.03094825	0.056834098	-0.007820657	0.02919266	0.004341096	0.03985507
0.38922846	0.43258673	0.41676566	0.47440356	0.4619109	-0.41687268	-0.5038562	0.4290138	0.44454673	-0.4664694	-0.40725905	0.43834308	-0.45703083	0.4969573	0.38586667	0.4318099
-0.28282568	-0.27291465	-0.2852538	-0.30420938	-0.2897083	0.20850204	0.24949759	-0.269137	-0.22174068	0.31925768	0.22532248	-0.25266573	0.23370573	-0.27102578	-0.23809165	-0.28591418
1.0794724	1.1352956	0.8380809	1.107742	1.0746514	-1.132162	-1.1469384	1.0996646	1.0926763	-1.1656075	-1.1174188	1.0530524	-1.1702336	1.1326767	1.1436809	0.9814664
0.79303837	0.75198007	0.75605106	0.78454417	0.7616093	-0.7899172	-0.87206984	0.7815294	0.77466774	-0.8866168	-0.812635	0.6307154	-0.76842666	0.8826823	0.76699495	0.70278716
0.3456188	0.3018285	0.5810699	0.32361844	0.3095328	-0.23051527	-0.37750217	0.39563236	0.34723875	-0.27374244	-0.3282524	0.19671266	-0.26163927	0.3241159	0.2603759	0.35185292
1.0601976	1.0673374	1.1169239	1.1145953	1.0907942	-1.0285349	-1.0848165	1.0586512	1.1245291	-1.181599	-1.089033	0.9420378	-1.0884244	1.1581775	1.0385015	1.0504041
-1.0456169	-1.0680199	-0.9078007	-1.130543	-1.0847765	1.1230105	1.0783865	-1.1176056	-1.0987082	1.157793	1.1593606	-1.0432023	1.1603053	-1.1716905	-1.1342844	-0.9978776
-0.58186096	-0.6996	-0.24893706	-0.7201115	-0.6587968	0.7303666	0.62996614	-0.6369857	-0.6636335	0.78174	0.67528737	-0.6783358	0.7913353	-0.7971611	-0.7502753	-0.43551978
-0.4441196	-0.52985674	-0.14297526	-0.5052947	-0.44992748	0.5268747	0.48622277	-0.56028146	-0.5218939	0.5946808	0.5264514	-0.50902677	0.61016226	-0.6314718	-0.61365193	-0.35494456
-0.094781786	-0.055217803	-0.027061783	-0.07483639	-0.108177245	0.08092494	0.049879618	-0.10966219	-0.07519509	0.053656265	0.16243316	-0.11472088	0.045733873	-0.11904651	-0.10801256	-0.088054396
0.25162277	0.22462654	0.31503588	0.22792791	0.2378257	-0.17984311	-0.23414914	0.2864613	0.22112826	-0.27172816	-0.21525723	0.17998774	-0.23987104	0.21528547	0.20621996	0.20149775
0.89034516	0.9443263	0.95301133	0.905978	0.8959392	-0.91169786	-0.9918668	0.8879406	0.9177219	-1.0005238	-0.92795426	0.837593	-0.9135961	1.0055501	0.9163506	0.855777
0.28427246	0.36011475	0.37129962	0.3308398	0.3239677	-0.33969763	-0.3443106	0.35738835	0.3903278	-0.36585066	-0.314888	0.27388978	-0.3498525	0.39372477	0.30301413	0.32991683
-0.57862854	-0.71147305	0.045441028	-0.64061886	-0.6269181	0.7300166	0.6407415	-0.6472953	-0.5864711	0.7630677	0.7324981	-0.675966	0.82204264	-0.75026166	-0.7937281	-0.34638032
0.807634	0.7813897	0.82466215	0.83714896	0.84985006	-0.80555326	-0.83518654	0.86671096	0.8468538	-0.8775402	-0.86724347	0.6722771	-0.8660656	0.8822271	0.83395517	0.7943293
0.8320262	0.8232259	0.8097958	0.79593956	0.7365997	-0.77829266	-0.77105486	0.7889226	0.78642315	-0.779915	-0.8393484	0.7473584	-0.7559597	0.74096894	0.7638307	0.7630942
-0.07405447	-0.19688198	0.2982578	-0.14459139	-0.11391695	0.19338049	0.10045864	-0.15026186	-0.10303988	0.21212797	0.21502687	-0.30442175	0.29471737	-0.15704557	-0.2617644	0.05717544
-0.055449165	-0.07453672	-0.10704674	-0.14027618	-0.07680518	0.06991399	0.080147184	-0.14166383	-0.08117844	0.09189513	0.14073552	-0.11665276	0.07202199	-0.07045691	-0.05955977	-0.048081245
0.7062599	0.6715585	0.8117452	0.65844256	0.6778746	-0.5959223	-0.7549568	0.66076005	0.7185617	-0.6758835	-0.64886713	0.5547036	-0.66283184	0.64696336	0.5769534	0.6385861
-0.8526902	-0.89806855	-0.74952245	-0.8893166	-0.88202363	0.9076592	0.9304441	-0.8747532	-0.9455894	0.9610479	0.91353786	-0.8787513	0.96217006	-1.0122328	-0.9329446	-0.7693807
